State/UT,Commodity Group,Commodity,Month,Arrival_Quantity,Arrival Unit,Modal_Price,Price Unit,Month_dt,Month_num,Year
Telangana,Vegetables,Alsandikai,February-2023,0.3,Metric Tonnes,2500.0,Rs./Quintal,2023-02-01,2,2023
Telangana,Vegetables,Banana - Green,February-2023,2152.6,Metric Tonnes,2012.93,Rs./Quintal,2023-02-01,2,2023
Telangana,Vegetables,Beetroot,February-2023,2107.4,Metric Tonnes,1075.81,Rs./Quintal,2023-02-01,2,2023
Telangana,Vegetables,Bhindi(Ladies Finger),February-2023,1901.7,Metric Tonnes,3756.68,Rs./Quintal,2023-02-01,2,2023
Telangana,Vegetables,Bitter gourd,February-2023,2125.0,Metric Tonnes,2470.02,Rs./Quintal,2023-02-01,2,2023
Telangana,Vegetables,Bottle gourd,February-2023,2878.05,Metric Tonnes,691.33,Rs./Quintal,2023-02-01,2,2023
Telangana,Vegetables,Brinjal,February-2023,4562.37,Metric Tonnes,1874.91,Rs./Quintal,2023-02-01,2,2023
Telangana,Vegetables,Cabbage,February-2023,5133.79,Metric Tonnes,682.42,Rs./Quintal,2023-02-01,2,2023
Telangana,Vegetables,Capsicum,February-2023,2298.3,Metric Tonnes,3315.84,Rs./Quintal,2023-02-01,2,2023
Telangana,Vegetables,Carrot,February-2023,7178.84,Metric Tonnes,1233.42,Rs./Quintal,2023-02-01,2,2023
Telangana,Vegetables,Cauliflower,February-2023,3206.33,Metric Tonnes,1699.03,Rs./Quintal,2023-02-01,2,2023
Telangana,Vegetables,Chow Chow,February-2023,39.7,Metric Tonnes,719.52,Rs./Quintal,2023-02-01,2,2023
Telangana,Vegetables,Cluster beans,February-2023,1338.21,Metric Tonnes,3193.16,Rs./Quintal,2023-02-01,2,2023
Telangana,Vegetables,Colacasia,February-2023,96.66,Metric Tonnes,5924.94,Rs./Quintal,2023-02-01,2,2023
Telangana,Vegetables,Cucumbar(Kheera),February-2023,1703.14,Metric Tonnes,1815.5,Rs./Quintal,2023-02-01,2,2023
Telangana,Vegetables,Drumstick,February-2023,817.5,Metric Tonnes,4941.98,Rs./Quintal,2023-02-01,2,2023
Telangana,Vegetables,Field Pea,February-2023,2614.3,Metric Tonnes,2840.49,Rs./Quintal,2023-02-01,2,2023
Telangana,Vegetables,French Beans(Frasbean),February-2023,1621.06,Metric Tonnes,2997.87,Rs./Quintal,2023-02-01,2,2023
Telangana,Vegetables,Garlic,February-2023,77.1,Metric Tonnes,4897.54,Rs./Quintal,2023-02-01,2,2023
Telangana,Vegetables,Green Chilli,February-2023,8177.4,Metric Tonnes,2427.53,Rs./Quintal,2023-02-01,2,2023
Telangana,Vegetables,Groundnut pods(raw),February-2023,88.5,Metric Tonnes,3023.9,Rs./Quintal,2023-02-01,2,2023
Telangana,Vegetables,Indian Beans(Seam),February-2023,1.7,Metric Tonnes,5001.18,Rs./Quintal,2023-02-01,2,2023
Telangana,Vegetables,Knool Khol,February-2023,11.6,Metric Tonnes,982.76,Rs./Quintal,2023-02-01,2,2023
Telangana,Vegetables,Leafy Vegetable,February-2023,3168.65,Bundle,1909.35,Rs./Bundle,2023-02-01,2,2023
Telangana,Vegetables,Little gourd(Kundru),February-2023,0.73,Metric Tonnes,3934.25,Rs./Quintal,2023-02-01,2,2023
Telangana,Vegetables,Onion,February-2023,41085.02,Metric Tonnes,1193.39,Rs./Quintal,2023-02-01,2,2023
Telangana,Vegetables,Onion Green,February-2023,207.6,Metric Tonnes,1277.26,Rs./Quintal,2023-02-01,2,2023
Telangana,Vegetables,Papaya(Raw),February-2023,26.0,Metric Tonnes,587.0,Rs./Quintal,2023-02-01,2,2023
Telangana,Vegetables,Potato,February-2023,14350.93,Metric Tonnes,1302.12,Rs./Quintal,2023-02-01,2,2023
Telangana,Vegetables,Pumpkin,February-2023,899.5,Metric Tonnes,884.75,Rs./Quintal,2023-02-01,2,2023
Telangana,Vegetables,Raddish,February-2023,113.0,Metric Tonnes,281.27,Rs./Quintal,2023-02-01,2,2023
Telangana,Vegetables,Ridgeguard(Tori),February-2023,2095.77,Metric Tonnes,3351.43,Rs./Quintal,2023-02-01,2,2023
Telangana,Vegetables,Snakeguard,February-2023,139.21,Metric Tonnes,1404.78,Rs./Quintal,2023-02-01,2,2023
Telangana,Vegetables,Sweet Potato,February-2023,1214.7,Metric Tonnes,1613.69,Rs./Quintal,2023-02-01,2,2023
Telangana,Vegetables,Thondekai,February-2023,334.0,Metric Tonnes,2874.64,Rs./Quintal,2023-02-01,2,2023
Telangana,Vegetables,Tomato,February-2023,22174.72,Metric Tonnes,1259.89,Rs./Quintal,2023-02-01,2,2023
Telangana,Vegetables,White Pumpkin,February-2023,88.2,Metric Tonnes,1097.96,Rs./Quintal,2023-02-01,2,2023
Telangana,Vegetables,Yam(Ratalu),February-2023,341.9,Metric Tonnes,1717.27,Rs./Quintal,2023-02-01,2,2023
Telangana,Vegetables,Banana - Green,March-2023,3031.71,Metric Tonnes,2026.69,Rs./Quintal,2023-03-01,3,2023
Telangana,Vegetables,Beetroot,March-2023,2544.97,Metric Tonnes,1122.69,Rs./Quintal,2023-03-01,3,2023
Telangana,Vegetables,Bhindi(Ladies Finger),March-2023,2249.41,Metric Tonnes,3641.94,Rs./Quintal,2023-03-01,3,2023
Telangana,Vegetables,Bitter gourd,March-2023,2379.83,Metric Tonnes,3068.45,Rs./Quintal,2023-03-01,3,2023
Telangana,Vegetables,Bottle gourd,March-2023,3582.57,Metric Tonnes,685.11,Rs./Quintal,2023-03-01,3,2023
Telangana,Vegetables,Brinjal,March-2023,4294.14,Metric Tonnes,2010.78,Rs./Quintal,2023-03-01,3,2023
Telangana,Vegetables,Cabbage,March-2023,5533.33,Metric Tonnes,691.14,Rs./Quintal,2023-03-01,3,2023
Telangana,Vegetables,Capsicum,March-2023,2651.8,Metric Tonnes,3418.42,Rs./Quintal,2023-03-01,3,2023
Telangana,Vegetables,Carrot,March-2023,8927.3,Metric Tonnes,1025.8,Rs./Quintal,2023-03-01,3,2023
Telangana,Vegetables,Cauliflower,March-2023,2826.22,Metric Tonnes,1640.92,Rs./Quintal,2023-03-01,3,2023
Telangana,Vegetables,Chow Chow,March-2023,18.9,Metric Tonnes,1087.83,Rs./Quintal,2023-03-01,3,2023
Telangana,Vegetables,Cluster beans,March-2023,1504.34,Metric Tonnes,3428.11,Rs./Quintal,2023-03-01,3,2023
Telangana,Vegetables,Colacasia,March-2023,208.7,Metric Tonnes,5047.82,Rs./Quintal,2023-03-01,3,2023
Telangana,Vegetables,Coriander(Leaves),March-2023,3.8,Bundle,167.89,Rs./Bundle,2023-03-01,3,2023
Telangana,Vegetables,Cucumbar(Kheera),March-2023,2276.0,Metric Tonnes,1664.93,Rs./Quintal,2023-03-01,3,2023
Telangana,Vegetables,Drumstick,March-2023,1920.8,Metric Tonnes,3272.76,Rs./Quintal,2023-03-01,3,2023
Telangana,Vegetables,Field Pea,March-2023,1981.4,Metric Tonnes,3196.01,Rs./Quintal,2023-03-01,3,2023
Telangana,Vegetables,French Beans(Frasbean),March-2023,1516.8,Metric Tonnes,4117.3,Rs./Quintal,2023-03-01,3,2023
Telangana,Vegetables,Garlic,March-2023,35.5,Metric Tonnes,5338.03,Rs./Quintal,2023-03-01,3,2023
Telangana,Vegetables,Green Chilli,March-2023,9254.9,Metric Tonnes,3149.4,Rs./Quintal,2023-03-01,3,2023
Telangana,Vegetables,Groundnut pods(raw),March-2023,105.6,Metric Tonnes,3091.62,Rs./Quintal,2023-03-01,3,2023
Telangana,Vegetables,Knool Khol,March-2023,18.2,Metric Tonnes,847.8,Rs./Quintal,2023-03-01,3,2023
Telangana,Vegetables,Leafy Vegetable,March-2023,2876.55,Bundle,1970.7,Rs./Bundle,2023-03-01,3,2023
Telangana,Vegetables,Mango(Raw-Ripe),March-2023,56.0,Metric Tonnes,1038.5,Rs./Quintal,2023-03-01,3,2023
Telangana,Vegetables,Onion,March-2023,30607.14,Metric Tonnes,1068.31,Rs./Quintal,2023-03-01,3,2023
Telangana,Vegetables,Onion Green,March-2023,163.4,Metric Tonnes,1574.97,Rs./Quintal,2023-03-01,3,2023
Telangana,Vegetables,Potato,March-2023,17130.63,Metric Tonnes,1172.94,Rs./Quintal,2023-03-01,3,2023
Telangana,Vegetables,Pumpkin,March-2023,892.7,Metric Tonnes,825.66,Rs./Quintal,2023-03-01,3,2023
Telangana,Vegetables,Raddish,March-2023,79.4,Metric Tonnes,323.94,Rs./Quintal,2023-03-01,3,2023
Telangana,Vegetables,Ridgeguard(Tori),March-2023,2595.89,Metric Tonnes,3398.13,Rs./Quintal,2023-03-01,3,2023
Telangana,Vegetables,Snakeguard,March-2023,144.91,Metric Tonnes,1194.47,Rs./Quintal,2023-03-01,3,2023
Telangana,Vegetables,Sweet Potato,March-2023,538.6,Metric Tonnes,1102.27,Rs./Quintal,2023-03-01,3,2023
Telangana,Vegetables,Thondekai,March-2023,228.1,Metric Tonnes,4119.79,Rs./Quintal,2023-03-01,3,2023
Telangana,Vegetables,Tomato,March-2023,22813.27,Metric Tonnes,1167.01,Rs./Quintal,2023-03-01,3,2023
Telangana,Vegetables,White Pumpkin,March-2023,168.7,Metric Tonnes,955.42,Rs./Quintal,2023-03-01,3,2023
Telangana,Vegetables,Yam(Ratalu),March-2023,160.1,Metric Tonnes,3144.88,Rs./Quintal,2023-03-01,3,2023
Telangana,Vegetables,Amaranthus,April-2023,0.4,Metric Tonnes,1900.0,Rs./Quintal,2023-04-01,4,2023
Telangana,Vegetables,Banana - Green,April-2023,3708.2,Metric Tonnes,2024.95,Rs./Quintal,2023-04-01,4,2023
Telangana,Vegetables,Beetroot,April-2023,2132.59,Metric Tonnes,1260.53,Rs./Quintal,2023-04-01,4,2023
Telangana,Vegetables,Bhindi(Ladies Finger),April-2023,2817.56,Metric Tonnes,2489.78,Rs./Quintal,2023-04-01,4,2023
Telangana,Vegetables,Bitter gourd,April-2023,1931.54,Metric Tonnes,2960.27,Rs./Quintal,2023-04-01,4,2023
Telangana,Vegetables,Bottle gourd,April-2023,3576.8,Metric Tonnes,508.87,Rs./Quintal,2023-04-01,4,2023
Telangana,Vegetables,Brinjal,April-2023,4591.99,Metric Tonnes,2069.02,Rs./Quintal,2023-04-01,4,2023
Telangana,Vegetables,Cabbage,April-2023,5237.13,Metric Tonnes,786.29,Rs./Quintal,2023-04-01,4,2023
Telangana,Vegetables,Capsicum,April-2023,3035.2,Metric Tonnes,3255.39,Rs./Quintal,2023-04-01,4,2023
Telangana,Vegetables,Carrot,April-2023,7633.24,Metric Tonnes,1274.72,Rs./Quintal,2023-04-01,4,2023
Telangana,Vegetables,Cauliflower,April-2023,2834.5,Metric Tonnes,1819.77,Rs./Quintal,2023-04-01,4,2023
Telangana,Vegetables,Chow Chow,April-2023,19.0,Metric Tonnes,1255.26,Rs./Quintal,2023-04-01,4,2023
Telangana,Vegetables,Cluster beans,April-2023,1309.21,Metric Tonnes,3504.83,Rs./Quintal,2023-04-01,4,2023
Telangana,Vegetables,Colacasia,April-2023,659.86,Metric Tonnes,3604.17,Rs./Quintal,2023-04-01,4,2023
Telangana,Vegetables,Coriander(Leaves),April-2023,27.7,Bundle,316.9,Rs./Bundle,2023-04-01,4,2023
Telangana,Vegetables,Cucumbar(Kheera),April-2023,3066.04,Metric Tonnes,1442.06,Rs./Quintal,2023-04-01,4,2023
Telangana,Vegetables,Drumstick,April-2023,1851.5,Metric Tonnes,1772.89,Rs./Quintal,2023-04-01,4,2023
Telangana,Vegetables,Field Pea,April-2023,1145.8,Metric Tonnes,3944.28,Rs./Quintal,2023-04-01,4,2023
Telangana,Vegetables,French Beans(Frasbean),April-2023,2101.36,Metric Tonnes,4531.19,Rs./Quintal,2023-04-01,4,2023
Telangana,Vegetables,Garlic,April-2023,153.2,Metric Tonnes,5000.0,Rs./Quintal,2023-04-01,4,2023
Telangana,Vegetables,Green Chilli,April-2023,10621.6,Metric Tonnes,2896.03,Rs./Quintal,2023-04-01,4,2023
Telangana,Vegetables,Groundnut pods(raw),April-2023,92.3,Metric Tonnes,3020.42,Rs./Quintal,2023-04-01,4,2023
Telangana,Vegetables,Indian Beans(Seam),April-2023,2.48,Metric Tonnes,5934.68,Rs./Quintal,2023-04-01,4,2023
Telangana,Vegetables,Knool Khol,April-2023,9.3,Metric Tonnes,915.59,Rs./Quintal,2023-04-01,4,2023
Telangana,Vegetables,Leafy Vegetable,April-2023,3056.33,Bundle,1881.49,Rs./Bundle,2023-04-01,4,2023
Telangana,Vegetables,Little gourd(Kundru),April-2023,2.01,Metric Tonnes,3473.63,Rs./Quintal,2023-04-01,4,2023
Telangana,Vegetables,Mango(Raw-Ripe),April-2023,3030.0,Metric Tonnes,3313.53,Rs./Quintal,2023-04-01,4,2023
Telangana,Vegetables,Onion,April-2023,119531.12,Metric Tonnes,910.62,Rs./Quintal,2023-04-01,4,2023
Telangana,Vegetables,Onion Green,April-2023,87.1,Metric Tonnes,2022.04,Rs./Quintal,2023-04-01,4,2023
Telangana,Vegetables,Potato,April-2023,15557.42,Metric Tonnes,1407.72,Rs./Quintal,2023-04-01,4,2023
Telangana,Vegetables,Pumpkin,April-2023,770.2,Metric Tonnes,759.07,Rs./Quintal,2023-04-01,4,2023
Telangana,Vegetables,Raddish,April-2023,44.1,Metric Tonnes,320.36,Rs./Quintal,2023-04-01,4,2023
Telangana,Vegetables,Ridgeguard(Tori),April-2023,2519.47,Metric Tonnes,3285.16,Rs./Quintal,2023-04-01,4,2023
Telangana,Vegetables,Snakeguard,April-2023,167.3,Metric Tonnes,1413.81,Rs./Quintal,2023-04-01,4,2023
Telangana,Vegetables,Sweet Potato,April-2023,419.0,Metric Tonnes,1094.63,Rs./Quintal,2023-04-01,4,2023
Telangana,Vegetables,Thondekai,April-2023,701.7,Metric Tonnes,2320.29,Rs./Quintal,2023-04-01,4,2023
Telangana,Vegetables,Tomato,April-2023,24543.63,Metric Tonnes,682.02,Rs./Quintal,2023-04-01,4,2023
Telangana,Vegetables,White Pumpkin,April-2023,235.9,Metric Tonnes,1160.45,Rs./Quintal,2023-04-01,4,2023
Telangana,Vegetables,Yam(Ratalu),April-2023,158.3,Metric Tonnes,3925.99,Rs./Quintal,2023-04-01,4,2023
Telangana,Vegetables,Amaranthus,May-2023,40.8,Metric Tonnes,1085.78,Rs./Quintal,2023-05-01,5,2023
Telangana,Vegetables,Banana - Green,May-2023,187.2,Metric Tonnes,1441.37,Rs./Quintal,2023-05-01,5,2023
Telangana,Vegetables,Beetroot,May-2023,1925.5,Metric Tonnes,1478.98,Rs./Quintal,2023-05-01,5,2023
Telangana,Vegetables,Bhindi(Ladies Finger),May-2023,2778.54,Metric Tonnes,2056.5,Rs./Quintal,2023-05-01,5,2023
Telangana,Vegetables,Bitter gourd,May-2023,2615.35,Metric Tonnes,3008.69,Rs./Quintal,2023-05-01,5,2023
Telangana,Vegetables,Bottle gourd,May-2023,3511.42,Metric Tonnes,550.65,Rs./Quintal,2023-05-01,5,2023
Telangana,Vegetables,Brinjal,May-2023,3578.14,Metric Tonnes,1939.79,Rs./Quintal,2023-05-01,5,2023
Telangana,Vegetables,Cabbage,May-2023,6410.18,Metric Tonnes,954.54,Rs./Quintal,2023-05-01,5,2023
Telangana,Vegetables,Capsicum,May-2023,2425.1,Metric Tonnes,3260.66,Rs./Quintal,2023-05-01,5,2023
Telangana,Vegetables,Carrot,May-2023,5684.19,Metric Tonnes,2335.11,Rs./Quintal,2023-05-01,5,2023
Telangana,Vegetables,Cauliflower,May-2023,2814.75,Metric Tonnes,2140.32,Rs./Quintal,2023-05-01,5,2023
Telangana,Vegetables,Chow Chow,May-2023,21.0,Metric Tonnes,1244.29,Rs./Quintal,2023-05-01,5,2023
Telangana,Vegetables,Cluster beans,May-2023,1423.36,Metric Tonnes,3071.09,Rs./Quintal,2023-05-01,5,2023
Telangana,Vegetables,Colacasia,May-2023,739.3,Metric Tonnes,2760.43,Rs./Quintal,2023-05-01,5,2023
Telangana,Vegetables,Coriander(Leaves),May-2023,41.1,Bundle,441.63,Rs./Bundle,2023-05-01,5,2023
Telangana,Vegetables,Cucumbar(Kheera),May-2023,2266.44,Metric Tonnes,1476.89,Rs./Quintal,2023-05-01,5,2023
Telangana,Vegetables,Drumstick,May-2023,1317.6,Metric Tonnes,2841.61,Rs./Quintal,2023-05-01,5,2023
Telangana,Vegetables,Field Pea,May-2023,1066.4,Metric Tonnes,3950.37,Rs./Quintal,2023-05-01,5,2023
Telangana,Vegetables,French Beans(Frasbean),May-2023,812.71,Metric Tonnes,7855.87,Rs./Quintal,2023-05-01,5,2023
Telangana,Vegetables,Garlic,May-2023,137.5,Metric Tonnes,10302.55,Rs./Quintal,2023-05-01,5,2023
Telangana,Vegetables,Green Chilli,May-2023,10111.77,Metric Tonnes,3176.14,Rs./Quintal,2023-05-01,5,2023
Telangana,Vegetables,Groundnut pods(raw),May-2023,277.0,Metric Tonnes,3670.16,Rs./Quintal,2023-05-01,5,2023
Telangana,Vegetables,Indian Beans(Seam),May-2023,1.93,Metric Tonnes,6000.0,Rs./Quintal,2023-05-01,5,2023
Telangana,Vegetables,Knool Khol,May-2023,1.3,Metric Tonnes,1023.08,Rs./Quintal,2023-05-01,5,2023
Telangana,Vegetables,Leafy Vegetable,May-2023,3241.63,Bundle,1893.41,Rs./Bundle,2023-05-01,5,2023
Telangana,Vegetables,Little gourd(Kundru),May-2023,2.82,Metric Tonnes,3310.64,Rs./Quintal,2023-05-01,5,2023
Telangana,Vegetables,Mango(Raw-Ripe),May-2023,465.0,Metric Tonnes,2000.0,Rs./Quintal,2023-05-01,5,2023
Telangana,Vegetables,Onion,May-2023,135459.51,Metric Tonnes,1009.92,Rs./Quintal,2023-05-01,5,2023
Telangana,Vegetables,Onion Green,May-2023,63.5,Metric Tonnes,2700.94,Rs./Quintal,2023-05-01,5,2023
Telangana,Vegetables,Potato,May-2023,21924.71,Metric Tonnes,1415.27,Rs./Quintal,2023-05-01,5,2023
Telangana,Vegetables,Pumpkin,May-2023,909.3,Metric Tonnes,729.22,Rs./Quintal,2023-05-01,5,2023
Telangana,Vegetables,Raddish,May-2023,30.0,Metric Tonnes,367.83,Rs./Quintal,2023-05-01,5,2023
Telangana,Vegetables,Ridgeguard(Tori),May-2023,2659.28,Metric Tonnes,2693.81,Rs./Quintal,2023-05-01,5,2023
Telangana,Vegetables,Snakeguard,May-2023,164.2,Metric Tonnes,1394.67,Rs./Quintal,2023-05-01,5,2023
Telangana,Vegetables,Spinach,May-2023,3.4,Metric Tonnes,2000.0,Rs./Quintal,2023-05-01,5,2023
Telangana,Vegetables,Sweet Potato,May-2023,325.2,Metric Tonnes,1205.12,Rs./Quintal,2023-05-01,5,2023
Telangana,Vegetables,Thondekai,May-2023,997.6,Metric Tonnes,1847.21,Rs./Quintal,2023-05-01,5,2023
Telangana,Vegetables,Tomato,May-2023,27371.09,Metric Tonnes,953.16,Rs./Quintal,2023-05-01,5,2023
Telangana,Vegetables,White Pumpkin,May-2023,331.6,Metric Tonnes,891.69,Rs./Quintal,2023-05-01,5,2023
Telangana,Vegetables,Yam(Ratalu),May-2023,187.0,Metric Tonnes,4569.01,Rs./Quintal,2023-05-01,5,2023
Telangana,Vegetables,Amaranthus,June-2023,5.3,Metric Tonnes,3011.32,Rs./Quintal,2023-06-01,6,2023
Telangana,Vegetables,Banana - Green,June-2023,922.31,Metric Tonnes,1997.5,Rs./Quintal,2023-06-01,6,2023
Telangana,Vegetables,Beetroot,June-2023,1543.87,Metric Tonnes,1973.73,Rs./Quintal,2023-06-01,6,2023
Telangana,Vegetables,Bhindi(Ladies Finger),June-2023,2482.82,Metric Tonnes,2741.04,Rs./Quintal,2023-06-01,6,2023
Telangana,Vegetables,Bitter gourd,June-2023,3763.28,Metric Tonnes,3211.4,Rs./Quintal,2023-06-01,6,2023
Telangana,Vegetables,Bottle gourd,June-2023,3509.72,Metric Tonnes,798.92,Rs./Quintal,2023-06-01,6,2023
Telangana,Vegetables,Brinjal,June-2023,3597.81,Metric Tonnes,2371.06,Rs./Quintal,2023-06-01,6,2023
Telangana,Vegetables,Cabbage,June-2023,7894.21,Metric Tonnes,984.28,Rs./Quintal,2023-06-01,6,2023
Telangana,Vegetables,Capsicum,June-2023,1987.9,Metric Tonnes,4562.27,Rs./Quintal,2023-06-01,6,2023
Telangana,Vegetables,Carrot,June-2023,7159.29,Metric Tonnes,3234.39,Rs./Quintal,2023-06-01,6,2023
Telangana,Vegetables,Cauliflower,June-2023,2392.57,Metric Tonnes,2330.53,Rs./Quintal,2023-06-01,6,2023
Telangana,Vegetables,Chow Chow,June-2023,11.4,Metric Tonnes,1351.54,Rs./Quintal,2023-06-01,6,2023
Telangana,Vegetables,Cluster beans,June-2023,2273.93,Metric Tonnes,2993.31,Rs./Quintal,2023-06-01,6,2023
Telangana,Vegetables,Colacasia,June-2023,895.32,Metric Tonnes,2811.43,Rs./Quintal,2023-06-01,6,2023
Telangana,Vegetables,Coriander(Leaves),June-2023,43.8,Bundle,559.59,Rs./Bundle,2023-06-01,6,2023
Telangana,Vegetables,Cucumbar(Kheera),June-2023,2032.32,Metric Tonnes,1514.1,Rs./Quintal,2023-06-01,6,2023
Telangana,Vegetables,Drumstick,June-2023,1643.6,Metric Tonnes,3568.25,Rs./Quintal,2023-06-01,6,2023
Telangana,Vegetables,Field Pea,June-2023,769.5,Metric Tonnes,4901.27,Rs./Quintal,2023-06-01,6,2023
Telangana,Vegetables,French Beans(Frasbean),June-2023,764.46,Metric Tonnes,8346.5,Rs./Quintal,2023-06-01,6,2023
Telangana,Vegetables,Garlic,June-2023,133.8,Metric Tonnes,10000.0,Rs./Quintal,2023-06-01,6,2023
Telangana,Vegetables,Green Chilli,June-2023,10787.24,Metric Tonnes,5265.82,Rs./Quintal,2023-06-01,6,2023
Telangana,Vegetables,Groundnut pods(raw),June-2023,184.2,Metric Tonnes,2773.1,Rs./Quintal,2023-06-01,6,2023
Telangana,Vegetables,Indian Beans(Seam),June-2023,2.24,Metric Tonnes,6089.29,Rs./Quintal,2023-06-01,6,2023
Telangana,Vegetables,Leafy Vegetable,June-2023,3157.03,Bundle,2113.33,Rs./Bundle,2023-06-01,6,2023
Telangana,Vegetables,Little gourd(Kundru),June-2023,4.28,Metric Tonnes,3790.65,Rs./Quintal,2023-06-01,6,2023
Telangana,Vegetables,Onion,June-2023,102780.0,Metric Tonnes,1201.55,Rs./Quintal,2023-06-01,6,2023
Telangana,Vegetables,Onion Green,June-2023,55.0,Metric Tonnes,4141.68,Rs./Quintal,2023-06-01,6,2023
Telangana,Vegetables,Potato,June-2023,17342.68,Metric Tonnes,1536.99,Rs./Quintal,2023-06-01,6,2023
Telangana,Vegetables,Pumpkin,June-2023,738.5,Metric Tonnes,1115.79,Rs./Quintal,2023-06-01,6,2023
Telangana,Vegetables,Raddish,June-2023,56.8,Metric Tonnes,365.53,Rs./Quintal,2023-06-01,6,2023
Telangana,Vegetables,Ridgeguard(Tori),June-2023,3099.44,Metric Tonnes,2919.2,Rs./Quintal,2023-06-01,6,2023
Telangana,Vegetables,Snakeguard,June-2023,129.0,Metric Tonnes,1763.37,Rs./Quintal,2023-06-01,6,2023
Telangana,Vegetables,Sweet Potato,June-2023,333.4,Metric Tonnes,1639.99,Rs./Quintal,2023-06-01,6,2023
Telangana,Vegetables,Thondekai,June-2023,660.2,Metric Tonnes,2595.9,Rs./Quintal,2023-06-01,6,2023
Telangana,Vegetables,Tomato,June-2023,18804.38,Metric Tonnes,2894.51,Rs./Quintal,2023-06-01,6,2023
Telangana,Vegetables,White Pumpkin,June-2023,460.1,Metric Tonnes,1083.6,Rs./Quintal,2023-06-01,6,2023
Telangana,Vegetables,Yam(Ratalu),June-2023,215.7,Metric Tonnes,3334.77,Rs./Quintal,2023-06-01,6,2023
Telangana,Vegetables,Alsandikai,July-2023,2.4,Metric Tonnes,3729.17,Rs./Quintal,2023-07-01,7,2023
Telangana,Vegetables,Amaranthus,July-2023,2.4,Metric Tonnes,1208.33,Rs./Quintal,2023-07-01,7,2023
Telangana,Vegetables,Banana - Green,July-2023,687.42,Metric Tonnes,1964.53,Rs./Quintal,2023-07-01,7,2023
Telangana,Vegetables,Beetroot,July-2023,1549.25,Metric Tonnes,1857.19,Rs./Quintal,2023-07-01,7,2023
Telangana,Vegetables,Bhindi(Ladies Finger),July-2023,2674.19,Metric Tonnes,2919.23,Rs./Quintal,2023-07-01,7,2023
Telangana,Vegetables,Bitter gourd,July-2023,4264.16,Metric Tonnes,3107.76,Rs./Quintal,2023-07-01,7,2023
Telangana,Vegetables,Bottle gourd,July-2023,3960.42,Metric Tonnes,914.86,Rs./Quintal,2023-07-01,7,2023
Telangana,Vegetables,Brinjal,July-2023,4220.62,Metric Tonnes,2348.55,Rs./Quintal,2023-07-01,7,2023
Telangana,Vegetables,Cabbage,July-2023,8380.48,Metric Tonnes,1140.11,Rs./Quintal,2023-07-01,7,2023
Telangana,Vegetables,Capsicum,July-2023,1938.7,Metric Tonnes,5287.41,Rs./Quintal,2023-07-01,7,2023
Telangana,Vegetables,Carrot,July-2023,10009.93,Metric Tonnes,3081.43,Rs./Quintal,2023-07-01,7,2023
Telangana,Vegetables,Cauliflower,July-2023,2757.8,Metric Tonnes,2177.95,Rs./Quintal,2023-07-01,7,2023
Telangana,Vegetables,Chow Chow,July-2023,13.9,Metric Tonnes,1763.13,Rs./Quintal,2023-07-01,7,2023
Telangana,Vegetables,Cluster beans,July-2023,4550.65,Metric Tonnes,2196.01,Rs./Quintal,2023-07-01,7,2023
Telangana,Vegetables,Colacasia,July-2023,833.98,Metric Tonnes,2931.25,Rs./Quintal,2023-07-01,7,2023
Telangana,Vegetables,Coriander(Leaves),July-2023,56.7,Bundle,483.76,Rs./Bundle,2023-07-01,7,2023
Telangana,Vegetables,Cucumbar(Kheera),July-2023,2101.55,Metric Tonnes,1568.19,Rs./Quintal,2023-07-01,7,2023
Telangana,Vegetables,Drumstick,July-2023,1803.9,Metric Tonnes,2853.17,Rs./Quintal,2023-07-01,7,2023
Telangana,Vegetables,Field Pea,July-2023,1368.9,Metric Tonnes,4462.54,Rs./Quintal,2023-07-01,7,2023
Telangana,Vegetables,French Beans(Frasbean),July-2023,893.24,Metric Tonnes,6877.46,Rs./Quintal,2023-07-01,7,2023
Telangana,Vegetables,Garlic,July-2023,139.7,Metric Tonnes,10230.35,Rs./Quintal,2023-07-01,7,2023
Telangana,Vegetables,Green Chilli,July-2023,9981.22,Metric Tonnes,6319.43,Rs./Quintal,2023-07-01,7,2023
Telangana,Vegetables,Groundnut pods(raw),July-2023,83.1,Metric Tonnes,4226.08,Rs./Quintal,2023-07-01,7,2023
Telangana,Vegetables,Indian Beans(Seam),July-2023,3.54,Metric Tonnes,6505.08,Rs./Quintal,2023-07-01,7,2023
Telangana,Vegetables,Knool Khol,July-2023,0.2,Metric Tonnes,1300.0,Rs./Quintal,2023-07-01,7,2023
Telangana,Vegetables,Leafy Vegetable,July-2023,3528.7,Bundle,1987.53,Rs./Bundle,2023-07-01,7,2023
Telangana,Vegetables,Little gourd(Kundru),July-2023,3.49,Metric Tonnes,3803.44,Rs./Quintal,2023-07-01,7,2023
Telangana,Vegetables,Onion,July-2023,103100.63,Metric Tonnes,1189.26,Rs./Quintal,2023-07-01,7,2023
Telangana,Vegetables,Onion Green,July-2023,79.6,Metric Tonnes,3587.63,Rs./Quintal,2023-07-01,7,2023
Telangana,Vegetables,Potato,July-2023,19251.65,Metric Tonnes,1603.11,Rs./Quintal,2023-07-01,7,2023
Telangana,Vegetables,Pumpkin,July-2023,700.3,Metric Tonnes,1312.8,Rs./Quintal,2023-07-01,7,2023
Telangana,Vegetables,Raddish,July-2023,82.5,Metric Tonnes,532.09,Rs./Quintal,2023-07-01,7,2023
Telangana,Vegetables,Ridgeguard(Tori),July-2023,3619.44,Metric Tonnes,2749.88,Rs./Quintal,2023-07-01,7,2023
Telangana,Vegetables,Snakeguard,July-2023,245.7,Metric Tonnes,1409.22,Rs./Quintal,2023-07-01,7,2023
Telangana,Vegetables,Sweet Potato,July-2023,374.9,Metric Tonnes,1676.78,Rs./Quintal,2023-07-01,7,2023
Telangana,Vegetables,Thondekai,July-2023,993.1,Metric Tonnes,2454.52,Rs./Quintal,2023-07-01,7,2023
Telangana,Vegetables,Tomato,July-2023,2259.23,Metric Tonnes,8321.63,Rs./Quintal,2023-07-01,7,2023
Telangana,Vegetables,White Pumpkin,July-2023,572.1,Metric Tonnes,1149.0,Rs./Quintal,2023-07-01,7,2023
Telangana,Vegetables,Yam(Ratalu),July-2023,720.4,Metric Tonnes,2824.47,Rs./Quintal,2023-07-01,7,2023
Telangana,Vegetables,Alsandikai,August-2023,9.3,Metric Tonnes,3673.12,Rs./Quintal,2023-08-01,8,2023
Telangana,Vegetables,Amaranthus,August-2023,2.2,Metric Tonnes,2113.64,Rs./Quintal,2023-08-01,8,2023
Telangana,Vegetables,Banana - Green,August-2023,725.2,Metric Tonnes,1983.54,Rs./Quintal,2023-08-01,8,2023
Telangana,Vegetables,Beetroot,August-2023,1639.21,Metric Tonnes,1708.1,Rs./Quintal,2023-08-01,8,2023
Telangana,Vegetables,Bhindi(Ladies Finger),August-2023,3409.72,Metric Tonnes,2060.08,Rs./Quintal,2023-08-01,8,2023
Telangana,Vegetables,Bitter gourd,August-2023,4075.41,Metric Tonnes,2924.89,Rs./Quintal,2023-08-01,8,2023
Telangana,Vegetables,Bottle gourd,August-2023,5091.99,Metric Tonnes,889.97,Rs./Quintal,2023-08-01,8,2023
Telangana,Vegetables,Brinjal,August-2023,4097.32,Metric Tonnes,2512.2,Rs./Quintal,2023-08-01,8,2023
Telangana,Vegetables,Cabbage,August-2023,7458.41,Metric Tonnes,1319.15,Rs./Quintal,2023-08-01,8,2023
Telangana,Vegetables,Capsicum,August-2023,2765.7,Metric Tonnes,3522.51,Rs./Quintal,2023-08-01,8,2023
Telangana,Vegetables,Carrot,August-2023,12056.28,Metric Tonnes,2537.1,Rs./Quintal,2023-08-01,8,2023
Telangana,Vegetables,Cauliflower,August-2023,3368.16,Metric Tonnes,1828.4,Rs./Quintal,2023-08-01,8,2023
Telangana,Vegetables,Chow Chow,August-2023,30.7,Metric Tonnes,1489.58,Rs./Quintal,2023-08-01,8,2023
Telangana,Vegetables,Cluster beans,August-2023,3675.19,Metric Tonnes,2236.17,Rs./Quintal,2023-08-01,8,2023
Telangana,Vegetables,Colacasia,August-2023,790.34,Metric Tonnes,2903.15,Rs./Quintal,2023-08-01,8,2023
Telangana,Vegetables,Coriander(Leaves),August-2023,32.6,Bundle,243.87,Rs./Bundle,2023-08-01,8,2023
Telangana,Vegetables,Cucumbar(Kheera),August-2023,1727.74,Metric Tonnes,1626.86,Rs./Quintal,2023-08-01,8,2023
Telangana,Vegetables,Drumstick,August-2023,2241.39,Metric Tonnes,1931.52,Rs./Quintal,2023-08-01,8,2023
Telangana,Vegetables,Field Pea,August-2023,2625.8,Metric Tonnes,3920.96,Rs./Quintal,2023-08-01,8,2023
Telangana,Vegetables,French Beans(Frasbean),August-2023,1699.1,Metric Tonnes,4126.72,Rs./Quintal,2023-08-01,8,2023
Telangana,Vegetables,Garlic,August-2023,72.5,Metric Tonnes,12246.9,Rs./Quintal,2023-08-01,8,2023
Telangana,Vegetables,Green Chilli,August-2023,11750.36,Metric Tonnes,3938.03,Rs./Quintal,2023-08-01,8,2023
Telangana,Vegetables,Groundnut pods(raw),August-2023,112.5,Metric Tonnes,4022.0,Rs./Quintal,2023-08-01,8,2023
Telangana,Vegetables,Indian Beans(Seam),August-2023,4.01,Metric Tonnes,6007.98,Rs./Quintal,2023-08-01,8,2023
Telangana,Vegetables,Knool Khol,August-2023,2.6,Metric Tonnes,976.92,Rs./Quintal,2023-08-01,8,2023
Telangana,Vegetables,Leafy Vegetable,August-2023,3562.74,Bundle,1976.06,Rs./Bundle,2023-08-01,8,2023
Telangana,Vegetables,Little gourd(Kundru),August-2023,7.25,Metric Tonnes,4049.1,Rs./Quintal,2023-08-01,8,2023
Telangana,Vegetables,Onion,August-2023,144748.97,Metric Tonnes,1601.86,Rs./Quintal,2023-08-01,8,2023
Telangana,Vegetables,Onion Green,August-2023,104.0,Metric Tonnes,2561.49,Rs./Quintal,2023-08-01,8,2023
Telangana,Vegetables,Potato,August-2023,18821.84,Metric Tonnes,1484.5,Rs./Quintal,2023-08-01,8,2023
Telangana,Vegetables,Pumpkin,August-2023,959.7,Metric Tonnes,1044.37,Rs./Quintal,2023-08-01,8,2023
Telangana,Vegetables,Raddish,August-2023,58.6,Metric Tonnes,634.95,Rs./Quintal,2023-08-01,8,2023
Telangana,Vegetables,Ridgeguard(Tori),August-2023,4614.56,Metric Tonnes,2171.97,Rs./Quintal,2023-08-01,8,2023
Telangana,Vegetables,Snakeguard,August-2023,220.73,Metric Tonnes,1737.78,Rs./Quintal,2023-08-01,8,2023
Telangana,Vegetables,Sweet Potato,August-2023,134.8,Metric Tonnes,2800.52,Rs./Quintal,2023-08-01,8,2023
Telangana,Vegetables,Thondekai,August-2023,471.38,Metric Tonnes,2800.12,Rs./Quintal,2023-08-01,8,2023
Telangana,Vegetables,Tomato,August-2023,14639.48,Metric Tonnes,2002.88,Rs./Quintal,2023-08-01,8,2023
Telangana,Vegetables,White Pumpkin,August-2023,525.0,Metric Tonnes,1115.83,Rs./Quintal,2023-08-01,8,2023
Telangana,Vegetables,Yam(Ratalu),August-2023,202.5,Metric Tonnes,3480.49,Rs./Quintal,2023-08-01,8,2023
Telangana,Vegetables,Alsandikai,September-2023,8.0,Metric Tonnes,3252.5,Rs./Quintal,2023-09-01,9,2023
Telangana,Vegetables,Amaranthus,September-2023,11.6,Metric Tonnes,2189.66,Rs./Quintal,2023-09-01,9,2023
Telangana,Vegetables,Banana - Green,September-2023,156.8,Metric Tonnes,1444.77,Rs./Quintal,2023-09-01,9,2023
Telangana,Vegetables,Beetroot,September-2023,1687.5,Metric Tonnes,1443.97,Rs./Quintal,2023-09-01,9,2023
Telangana,Vegetables,Bhindi(Ladies Finger),September-2023,2700.83,Metric Tonnes,1435.38,Rs./Quintal,2023-09-01,9,2023
Telangana,Vegetables,Bitter gourd,September-2023,4486.43,Metric Tonnes,1564.13,Rs./Quintal,2023-09-01,9,2023
Telangana,Vegetables,Bottle gourd,September-2023,4235.97,Metric Tonnes,643.36,Rs./Quintal,2023-09-01,9,2023
Telangana,Vegetables,Brinjal,September-2023,3814.51,Metric Tonnes,2006.24,Rs./Quintal,2023-09-01,9,2023
Telangana,Vegetables,Cabbage,September-2023,6442.03,Metric Tonnes,836.43,Rs./Quintal,2023-09-01,9,2023
Telangana,Vegetables,Capsicum,September-2023,3350.5,Metric Tonnes,2504.91,Rs./Quintal,2023-09-01,9,2023
Telangana,Vegetables,Carrot,September-2023,7749.82,Metric Tonnes,2146.18,Rs./Quintal,2023-09-01,9,2023
Telangana,Vegetables,Cauliflower,September-2023,1709.32,Metric Tonnes,1611.28,Rs./Quintal,2023-09-01,9,2023
Telangana,Vegetables,Chow Chow,September-2023,24.8,Metric Tonnes,868.15,Rs./Quintal,2023-09-01,9,2023
Telangana,Vegetables,Cluster beans,September-2023,3443.48,Metric Tonnes,1816.56,Rs./Quintal,2023-09-01,9,2023
Telangana,Vegetables,Colacasia,September-2023,576.76,Metric Tonnes,2763.38,Rs./Quintal,2023-09-01,9,2023
Telangana,Vegetables,Coriander(Leaves),September-2023,29.3,Bundle,480.2,Rs./Bundle,2023-09-01,9,2023
Telangana,Vegetables,Cucumbar(Kheera),September-2023,2105.31,Metric Tonnes,1089.24,Rs./Quintal,2023-09-01,9,2023
Telangana,Vegetables,Drumstick,September-2023,1962.5,Metric Tonnes,2024.37,Rs./Quintal,2023-09-01,9,2023
Telangana,Vegetables,Field Pea,September-2023,2301.0,Metric Tonnes,3712.69,Rs./Quintal,2023-09-01,9,2023
Telangana,Vegetables,French Beans(Frasbean),September-2023,2133.8,Metric Tonnes,3600.21,Rs./Quintal,2023-09-01,9,2023
Telangana,Vegetables,Garlic,September-2023,68.2,Metric Tonnes,12102.64,Rs./Quintal,2023-09-01,9,2023
Telangana,Vegetables,Green Chilli,September-2023,10175.79,Metric Tonnes,2639.47,Rs./Quintal,2023-09-01,9,2023
Telangana,Vegetables,Groundnut pods(raw),September-2023,201.5,Metric Tonnes,3690.2,Rs./Quintal,2023-09-01,9,2023
Telangana,Vegetables,Indian Beans(Seam),September-2023,4.2,Metric Tonnes,5806.19,Rs./Quintal,2023-09-01,9,2023
Telangana,Vegetables,Knool Khol,September-2023,46.1,Metric Tonnes,904.34,Rs./Quintal,2023-09-01,9,2023
Telangana,Vegetables,Leafy Vegetable,September-2023,2496.95,Bundle,1988.77,Rs./Bundle,2023-09-01,9,2023
Telangana,Vegetables,Little gourd(Kundru),September-2023,7.66,Metric Tonnes,3532.38,Rs./Quintal,2023-09-01,9,2023
Telangana,Vegetables,Mango(Raw-Ripe),September-2023,3.0,Metric Tonnes,1500.0,Rs./Quintal,2023-09-01,9,2023
Telangana,Vegetables,Onion,September-2023,93472.08,Metric Tonnes,1980.23,Rs./Quintal,2023-09-01,9,2023
Telangana,Vegetables,Onion Green,September-2023,58.6,Metric Tonnes,3080.72,Rs./Quintal,2023-09-01,9,2023
Telangana,Vegetables,Papaya(Raw),September-2023,10.0,Metric Tonnes,587.0,Rs./Quintal,2023-09-01,9,2023
Telangana,Vegetables,Potato,September-2023,18462.37,Metric Tonnes,1573.89,Rs./Quintal,2023-09-01,9,2023
Telangana,Vegetables,Pumpkin,September-2023,915.5,Metric Tonnes,868.68,Rs./Quintal,2023-09-01,9,2023
Telangana,Vegetables,Raddish,September-2023,29.7,Metric Tonnes,398.86,Rs./Quintal,2023-09-01,9,2023
Telangana,Vegetables,Ridgeguard(Tori),September-2023,4317.54,Metric Tonnes,1086.76,Rs./Quintal,2023-09-01,9,2023
Telangana,Vegetables,Snakeguard,September-2023,278.62,Metric Tonnes,1123.99,Rs./Quintal,2023-09-01,9,2023
Telangana,Vegetables,Sweet Potato,September-2023,136.0,Metric Tonnes,3238.24,Rs./Quintal,2023-09-01,9,2023
Telangana,Vegetables,Thondekai,September-2023,9.5,Metric Tonnes,2263.16,Rs./Quintal,2023-09-01,9,2023
Telangana,Vegetables,Tomato,September-2023,27942.67,Metric Tonnes,816.22,Rs./Quintal,2023-09-01,9,2023
Telangana,Vegetables,White Pumpkin,September-2023,412.7,Metric Tonnes,883.74,Rs./Quintal,2023-09-01,9,2023
Telangana,Vegetables,Yam(Ratalu),September-2023,142.9,Metric Tonnes,3734.29,Rs./Quintal,2023-09-01,9,2023
Telangana,Vegetables,Alsandikai,October-2023,8.8,Metric Tonnes,3134.09,Rs./Quintal,2023-10-01,10,2023
Telangana,Vegetables,Amaranthus,October-2023,2.1,Metric Tonnes,2976.19,Rs./Quintal,2023-10-01,10,2023
Telangana,Vegetables,Banana - Green,October-2023,174.4,Metric Tonnes,1676.35,Rs./Quintal,2023-10-01,10,2023
Telangana,Vegetables,Beetroot,October-2023,1944.57,Metric Tonnes,1512.41,Rs./Quintal,2023-10-01,10,2023
Telangana,Vegetables,Bhindi(Ladies Finger),October-2023,3147.17,Metric Tonnes,1462.45,Rs./Quintal,2023-10-01,10,2023
Telangana,Vegetables,Bitter gourd,October-2023,3812.51,Metric Tonnes,1978.11,Rs./Quintal,2023-10-01,10,2023
Telangana,Vegetables,Bottle gourd,October-2023,4491.65,Metric Tonnes,683.09,Rs./Quintal,2023-10-01,10,2023
Telangana,Vegetables,Brinjal,October-2023,3744.48,Metric Tonnes,2288.12,Rs./Quintal,2023-10-01,10,2023
Telangana,Vegetables,Cabbage,October-2023,7016.04,Metric Tonnes,969.45,Rs./Quintal,2023-10-01,10,2023
Telangana,Vegetables,Capsicum,October-2023,2722.4,Metric Tonnes,3399.72,Rs./Quintal,2023-10-01,10,2023
Telangana,Vegetables,Carrot,October-2023,6582.95,Metric Tonnes,2271.14,Rs./Quintal,2023-10-01,10,2023
Telangana,Vegetables,Cauliflower,October-2023,1989.14,Metric Tonnes,1673.49,Rs./Quintal,2023-10-01,10,2023
Telangana,Vegetables,Chow Chow,October-2023,33.2,Metric Tonnes,939.46,Rs./Quintal,2023-10-01,10,2023
Telangana,Vegetables,Cluster beans,October-2023,3104.54,Metric Tonnes,2144.02,Rs./Quintal,2023-10-01,10,2023
Telangana,Vegetables,Colacasia,October-2023,663.3,Metric Tonnes,3006.21,Rs./Quintal,2023-10-01,10,2023
Telangana,Vegetables,Cucumbar(Kheera),October-2023,2400.8,Metric Tonnes,897.57,Rs./Quintal,2023-10-01,10,2023
Telangana,Vegetables,Drumstick,October-2023,803.1,Metric Tonnes,4873.91,Rs./Quintal,2023-10-01,10,2023
Telangana,Vegetables,Field Pea,October-2023,1924.15,Metric Tonnes,4271.73,Rs./Quintal,2023-10-01,10,2023
Telangana,Vegetables,French Beans(Frasbean),October-2023,1561.1,Metric Tonnes,4931.11,Rs./Quintal,2023-10-01,10,2023
Telangana,Vegetables,Garlic,October-2023,54.0,Metric Tonnes,12925.93,Rs./Quintal,2023-10-01,10,2023
Telangana,Vegetables,Green Chilli,October-2023,9318.11,Metric Tonnes,2981.9,Rs./Quintal,2023-10-01,10,2023
Telangana,Vegetables,Groundnut pods(raw),October-2023,150.1,Metric Tonnes,4144.0,Rs./Quintal,2023-10-01,10,2023
Telangana,Vegetables,Indian Beans(Seam),October-2023,2.78,Metric Tonnes,6145.32,Rs./Quintal,2023-10-01,10,2023
Telangana,Vegetables,Knool Khol,October-2023,1.9,Metric Tonnes,1063.16,Rs./Quintal,2023-10-01,10,2023
Telangana,Vegetables,Leafy Vegetable,October-2023,2794.46,Bundle,1994.79,Rs./Bundle,2023-10-01,10,2023
Telangana,Vegetables,Little gourd(Kundru),October-2023,7.38,Metric Tonnes,3713.55,Rs./Quintal,2023-10-01,10,2023
Telangana,Vegetables,Onion,October-2023,93235.72,Metric Tonnes,2910.29,Rs./Quintal,2023-10-01,10,2023
Telangana,Vegetables,Onion Green,October-2023,59.1,Metric Tonnes,3580.46,Rs./Quintal,2023-10-01,10,2023
Telangana,Vegetables,Potato,October-2023,19162.81,Metric Tonnes,1523.24,Rs./Quintal,2023-10-01,10,2023
Telangana,Vegetables,Pumpkin,October-2023,4183.7,Metric Tonnes,715.05,Rs./Quintal,2023-10-01,10,2023
Telangana,Vegetables,Raddish,October-2023,64.6,Metric Tonnes,405.71,Rs./Quintal,2023-10-01,10,2023
Telangana,Vegetables,Ridgeguard(Tori),October-2023,4009.89,Metric Tonnes,1418.51,Rs./Quintal,2023-10-01,10,2023
Telangana,Vegetables,Snakeguard,October-2023,9397.43,Metric Tonnes,1294.06,Rs./Quintal,2023-10-01,10,2023
Telangana,Vegetables,Sweet Potato,October-2023,377.3,Metric Tonnes,1944.46,Rs./Quintal,2023-10-01,10,2023
Telangana,Vegetables,Thondekai,October-2023,176.78,Metric Tonnes,2463.3,Rs./Quintal,2023-10-01,10,2023
Telangana,Vegetables,Tomato,October-2023,24462.39,Metric Tonnes,939.27,Rs./Quintal,2023-10-01,10,2023
Telangana,Vegetables,White Pumpkin,October-2023,1167.5,Metric Tonnes,779.19,Rs./Quintal,2023-10-01,10,2023
Telangana,Vegetables,Yam(Ratalu),October-2023,148.75,Metric Tonnes,4048.24,Rs./Quintal,2023-10-01,10,2023
Telangana,Vegetables,Alsandikai,November-2023,1.3,Metric Tonnes,3000.0,Rs./Quintal,2023-11-01,11,2023
Telangana,Vegetables,Amaranthus,November-2023,1.72,Metric Tonnes,3759.53,Rs./Quintal,2023-11-01,11,2023
Telangana,Vegetables,Banana - Green,November-2023,2717.1,Metric Tonnes,2158.2,Rs./Quintal,2023-11-01,11,2023
Telangana,Vegetables,Beetroot,November-2023,1461.4,Metric Tonnes,1877.28,Rs./Quintal,2023-11-01,11,2023
Telangana,Vegetables,Bhindi(Ladies Finger),November-2023,2447.53,Metric Tonnes,1876.43,Rs./Quintal,2023-11-01,11,2023
Telangana,Vegetables,Bitter gourd,November-2023,3838.88,Metric Tonnes,1558.23,Rs./Quintal,2023-11-01,11,2023
Telangana,Vegetables,Bottle gourd,November-2023,13220.28,Metric Tonnes,769.67,Rs./Quintal,2023-11-01,11,2023
Telangana,Vegetables,Brinjal,November-2023,4535.22,Metric Tonnes,1379.82,Rs./Quintal,2023-11-01,11,2023
Telangana,Vegetables,Cabbage,November-2023,6355.94,Metric Tonnes,774.95,Rs./Quintal,2023-11-01,11,2023
Telangana,Vegetables,Capsicum,November-2023,2542.1,Metric Tonnes,2593.78,Rs./Quintal,2023-11-01,11,2023
Telangana,Vegetables,Carrot,November-2023,6184.95,Metric Tonnes,2367.43,Rs./Quintal,2023-11-01,11,2023
Telangana,Vegetables,Cauliflower,November-2023,2702.34,Metric Tonnes,1467.99,Rs./Quintal,2023-11-01,11,2023
Telangana,Vegetables,Chow Chow,November-2023,35.6,Metric Tonnes,863.34,Rs./Quintal,2023-11-01,11,2023
Telangana,Vegetables,Cluster beans,November-2023,1646.67,Metric Tonnes,2268.17,Rs./Quintal,2023-11-01,11,2023
Telangana,Vegetables,Colacasia,November-2023,491.05,Metric Tonnes,2848.49,Rs./Quintal,2023-11-01,11,2023
Telangana,Vegetables,Cucumbar(Kheera),November-2023,1410.8,Metric Tonnes,1045.86,Rs./Quintal,2023-11-01,11,2023
Telangana,Vegetables,Drumstick,November-2023,8773.6,Metric Tonnes,1216.55,Rs./Quintal,2023-11-01,11,2023
Telangana,Vegetables,Field Pea,November-2023,2375.25,Metric Tonnes,3580.67,Rs./Quintal,2023-11-01,11,2023
Telangana,Vegetables,French Beans(Frasbean),November-2023,1840.2,Metric Tonnes,3857.32,Rs./Quintal,2023-11-01,11,2023
Telangana,Vegetables,Garlic,November-2023,50.8,Metric Tonnes,15385.83,Rs./Quintal,2023-11-01,11,2023
Telangana,Vegetables,Green Chilli,November-2023,8136.58,Metric Tonnes,2796.74,Rs./Quintal,2023-11-01,11,2023
Telangana,Vegetables,Groundnut pods(raw),November-2023,249.1,Metric Tonnes,3971.44,Rs./Quintal,2023-11-01,11,2023
Telangana,Vegetables,Indian Beans(Seam),November-2023,9.65,Metric Tonnes,5455.34,Rs./Quintal,2023-11-01,11,2023
Telangana,Vegetables,Knool Khol,November-2023,0.7,Metric Tonnes,1014.29,Rs./Quintal,2023-11-01,11,2023
Telangana,Vegetables,Leafy Vegetable,November-2023,2596.09,Bundle,1991.14,Rs./Bundle,2023-11-01,11,2023
Telangana,Vegetables,Little gourd(Kundru),November-2023,5.81,Metric Tonnes,3128.4,Rs./Quintal,2023-11-01,11,2023
Telangana,Vegetables,Onion,November-2023,69337.12,Metric Tonnes,3711.38,Rs./Quintal,2023-11-01,11,2023
Telangana,Vegetables,Onion Green,November-2023,182.9,Metric Tonnes,2342.24,Rs./Quintal,2023-11-01,11,2023
Telangana,Vegetables,Potato,November-2023,16605.41,Metric Tonnes,1540.03,Rs./Quintal,2023-11-01,11,2023
Telangana,Vegetables,Pumpkin,November-2023,1589.0,Metric Tonnes,709.74,Rs./Quintal,2023-11-01,11,2023
Telangana,Vegetables,Raddish,November-2023,99.3,Metric Tonnes,317.26,Rs./Quintal,2023-11-01,11,2023
Telangana,Vegetables,Ridgeguard(Tori),November-2023,3225.91,Metric Tonnes,1776.88,Rs./Quintal,2023-11-01,11,2023
Telangana,Vegetables,Snakeguard,November-2023,223.5,Metric Tonnes,960.94,Rs./Quintal,2023-11-01,11,2023
Telangana,Vegetables,Sweet Potato,November-2023,360.6,Metric Tonnes,1478.23,Rs./Quintal,2023-11-01,11,2023
Telangana,Vegetables,Thondekai,November-2023,192.5,Metric Tonnes,1846.65,Rs./Quintal,2023-11-01,11,2023
Telangana,Vegetables,Tomato,November-2023,16754.42,Metric Tonnes,1615.56,Rs./Quintal,2023-11-01,11,2023
Telangana,Vegetables,White Pumpkin,November-2023,472.5,Metric Tonnes,793.23,Rs./Quintal,2023-11-01,11,2023
Telangana,Vegetables,Yam(Ratalu),November-2023,157.4,Metric Tonnes,4294.22,Rs./Quintal,2023-11-01,11,2023
Telangana,Vegetables,Amaranthus,December-2023,0.42,Metric Tonnes,6062.86,Rs./Quintal,2023-12-01,12,2023
Telangana,Vegetables,Banana - Green,December-2023,162.7,Metric Tonnes,1619.15,Rs./Quintal,2023-12-01,12,2023
Telangana,Vegetables,Beetroot,December-2023,1312.91,Metric Tonnes,1997.46,Rs./Quintal,2023-12-01,12,2023
Telangana,Vegetables,Bhindi(Ladies Finger),December-2023,2338.74,Metric Tonnes,3163.92,Rs./Quintal,2023-12-01,12,2023
Telangana,Vegetables,Bitter gourd,December-2023,2107.57,Metric Tonnes,3049.83,Rs./Quintal,2023-12-01,12,2023
Telangana,Vegetables,Bottle gourd,December-2023,2228.91,Metric Tonnes,841.57,Rs./Quintal,2023-12-01,12,2023
Telangana,Vegetables,Brinjal,December-2023,2862.45,Metric Tonnes,2369.29,Rs./Quintal,2023-12-01,12,2023
Telangana,Vegetables,Cabbage,December-2023,5865.25,Metric Tonnes,883.13,Rs./Quintal,2023-12-01,12,2023
Telangana,Vegetables,Capsicum,December-2023,2239.25,Metric Tonnes,3578.48,Rs./Quintal,2023-12-01,12,2023
Telangana,Vegetables,Carrot,December-2023,6407.52,Metric Tonnes,2157.55,Rs./Quintal,2023-12-01,12,2023
Telangana,Vegetables,Cauliflower,December-2023,2743.9,Metric Tonnes,1476.1,Rs./Quintal,2023-12-01,12,2023
Telangana,Vegetables,Chow Chow,December-2023,55.4,Metric Tonnes,951.81,Rs./Quintal,2023-12-01,12,2023
Telangana,Vegetables,Cluster beans,December-2023,1361.88,Metric Tonnes,3412.94,Rs./Quintal,2023-12-01,12,2023
Telangana,Vegetables,Colacasia,December-2023,445.16,Metric Tonnes,3467.47,Rs./Quintal,2023-12-01,12,2023
Telangana,Vegetables,Coriander(Leaves),December-2023,1.2,Bundle,250.0,Rs./Bundle,2023-12-01,12,2023
Telangana,Vegetables,Cucumbar(Kheera),December-2023,1434.7,Metric Tonnes,1449.49,Rs./Quintal,2023-12-01,12,2023
Telangana,Vegetables,Drumstick,December-2023,868.95,Metric Tonnes,5484.83,Rs./Quintal,2023-12-01,12,2023
Telangana,Vegetables,Field Pea,December-2023,2120.9,Metric Tonnes,3865.99,Rs./Quintal,2023-12-01,12,2023
Telangana,Vegetables,French Beans(Frasbean),December-2023,2461.4,Metric Tonnes,3061.84,Rs./Quintal,2023-12-01,12,2023
Telangana,Vegetables,Garlic,December-2023,49.3,Metric Tonnes,18484.79,Rs./Quintal,2023-12-01,12,2023
Telangana,Vegetables,Green Chilli,December-2023,7396.27,Metric Tonnes,3023.84,Rs./Quintal,2023-12-01,12,2023
Telangana,Vegetables,Groundnut pods(raw),December-2023,168.2,Metric Tonnes,4159.63,Rs./Quintal,2023-12-01,12,2023
Telangana,Vegetables,Indian Beans(Seam),December-2023,5.3,Metric Tonnes,6361.13,Rs./Quintal,2023-12-01,12,2023
Telangana,Vegetables,Knool Khol,December-2023,0.2,Metric Tonnes,1500.0,Rs./Quintal,2023-12-01,12,2023
Telangana,Vegetables,Leafy Vegetable,December-2023,2685.9,Bundle,1984.46,Rs./Bundle,2023-12-01,12,2023
Telangana,Vegetables,Little gourd(Kundru),December-2023,3.69,Metric Tonnes,5653.66,Rs./Quintal,2023-12-01,12,2023
Telangana,Vegetables,Onion,December-2023,37122.82,Metric Tonnes,2425.15,Rs./Quintal,2023-12-01,12,2023
Telangana,Vegetables,Onion Green,December-2023,282.6,Metric Tonnes,2064.93,Rs./Quintal,2023-12-01,12,2023
Telangana,Vegetables,Potato,December-2023,17460.09,Metric Tonnes,1551.53,Rs./Quintal,2023-12-01,12,2023
Telangana,Vegetables,Pumpkin,December-2023,873.9,Metric Tonnes,857.81,Rs./Quintal,2023-12-01,12,2023
Telangana,Vegetables,Raddish,December-2023,88.6,Metric Tonnes,357.48,Rs./Quintal,2023-12-01,12,2023
Telangana,Vegetables,Ridgeguard(Tori),December-2023,1819.92,Metric Tonnes,3352.5,Rs./Quintal,2023-12-01,12,2023
Telangana,Vegetables,Snakeguard,December-2023,144.91,Metric Tonnes,1239.49,Rs./Quintal,2023-12-01,12,2023
Telangana,Vegetables,Sweet Potato,December-2023,416.1,Metric Tonnes,1663.53,Rs./Quintal,2023-12-01,12,2023
Telangana,Vegetables,Thondekai,December-2023,189.9,Metric Tonnes,4220.12,Rs./Quintal,2023-12-01,12,2023
Telangana,Vegetables,Tomato,December-2023,13853.98,Metric Tonnes,1270.67,Rs./Quintal,2023-12-01,12,2023
Telangana,Vegetables,White Pumpkin,December-2023,30.8,Metric Tonnes,795.13,Rs./Quintal,2023-12-01,12,2023
Telangana,Vegetables,Yam(Ratalu),December-2023,149.9,Metric Tonnes,3984.06,Rs./Quintal,2023-12-01,12,2023
Telangana,Vegetables,Amaranthus,January-2024,1.0,Metric Tonnes,2020.0,Rs./Quintal,2024-01-01,1,2024
Telangana,Vegetables,Banana - Green,January-2024,3617.8,Metric Tonnes,1100.22,Rs./Quintal,2024-01-01,1,2024
Telangana,Vegetables,Beetroot,January-2024,1733.85,Metric Tonnes,1239.98,Rs./Quintal,2024-01-01,1,2024
Telangana,Vegetables,Bhindi(Ladies Finger),January-2024,2326.14,Metric Tonnes,2654.75,Rs./Quintal,2024-01-01,1,2024
Telangana,Vegetables,Bitter gourd,January-2024,1547.21,Metric Tonnes,3284.45,Rs./Quintal,2024-01-01,1,2024
Telangana,Vegetables,Bottle gourd,January-2024,2405.35,Metric Tonnes,658.53,Rs./Quintal,2024-01-01,1,2024
Telangana,Vegetables,Brinjal,January-2024,4119.66,Metric Tonnes,1913.12,Rs./Quintal,2024-01-01,1,2024
Telangana,Vegetables,Cabbage,January-2024,3994.13,Metric Tonnes,1191.28,Rs./Quintal,2024-01-01,1,2024
Telangana,Vegetables,Capsicum,January-2024,1769.5,Metric Tonnes,3914.67,Rs./Quintal,2024-01-01,1,2024
Telangana,Vegetables,Carrot,January-2024,4973.4,Metric Tonnes,1939.91,Rs./Quintal,2024-01-01,1,2024
Telangana,Vegetables,Cauliflower,January-2024,2591.5,Metric Tonnes,1541.18,Rs./Quintal,2024-01-01,1,2024
Telangana,Vegetables,Chow Chow,January-2024,56.0,Metric Tonnes,935.71,Rs./Quintal,2024-01-01,1,2024
Telangana,Vegetables,Cluster beans,January-2024,1167.62,Metric Tonnes,3449.49,Rs./Quintal,2024-01-01,1,2024
Telangana,Vegetables,Colacasia,January-2024,240.96,Metric Tonnes,4926.35,Rs./Quintal,2024-01-01,1,2024
Telangana,Vegetables,Cucumbar(Kheera),January-2024,1659.3,Metric Tonnes,1660.03,Rs./Quintal,2024-01-01,1,2024
Telangana,Vegetables,Drumstick,January-2024,695.4,Metric Tonnes,4970.72,Rs./Quintal,2024-01-01,1,2024
Telangana,Vegetables,Field Pea,January-2024,3020.3,Metric Tonnes,2423.44,Rs./Quintal,2024-01-01,1,2024
Telangana,Vegetables,French Beans(Frasbean),January-2024,2042.2,Metric Tonnes,2599.42,Rs./Quintal,2024-01-01,1,2024
Telangana,Vegetables,Green Chilli,January-2024,6460.82,Metric Tonnes,3373.57,Rs./Quintal,2024-01-01,1,2024
Telangana,Vegetables,Groundnut pods(raw),January-2024,283.5,Metric Tonnes,3935.17,Rs./Quintal,2024-01-01,1,2024
Telangana,Vegetables,Knool Khol,January-2024,17.3,Metric Tonnes,1744.51,Rs./Quintal,2024-01-01,1,2024
Telangana,Vegetables,Leafy Vegetable,January-2024,3027.42,Bundle,1981.21,Rs./Bundle,2024-01-01,1,2024
Telangana,Vegetables,Onion,January-2024,35866.5,Metric Tonnes,1692.72,Rs./Quintal,2024-01-01,1,2024
Telangana,Vegetables,Onion Green,January-2024,201.6,Metric Tonnes,2081.62,Rs./Quintal,2024-01-01,1,2024
Telangana,Vegetables,Potato,January-2024,13877.06,Metric Tonnes,1545.42,Rs./Quintal,2024-01-01,1,2024
Telangana,Vegetables,Pumpkin,January-2024,775.8,Metric Tonnes,1160.42,Rs./Quintal,2024-01-01,1,2024
Telangana,Vegetables,Raddish,January-2024,90.2,Metric Tonnes,373.77,Rs./Quintal,2024-01-01,1,2024
Telangana,Vegetables,Ridgeguard(Tori),January-2024,2027.83,Metric Tonnes,2954.82,Rs./Quintal,2024-01-01,1,2024
Telangana,Vegetables,Snakeguard,January-2024,1279.41,Metric Tonnes,1474.89,Rs./Quintal,2024-01-01,1,2024
Telangana,Vegetables,Sweet Potato,January-2024,480.3,Metric Tonnes,1785.07,Rs./Quintal,2024-01-01,1,2024
Telangana,Vegetables,Tomato,January-2024,12076.47,Metric Tonnes,1250.82,Rs./Quintal,2024-01-01,1,2024
Telangana,Vegetables,White Pumpkin,January-2024,77.2,Metric Tonnes,862.95,Rs./Quintal,2024-01-01,1,2024
Telangana,Vegetables,Yam(Ratalu),January-2024,124.15,Metric Tonnes,4467.02,Rs./Quintal,2024-01-01,1,2024
Telangana,Vegetables,Amaranthus,February-2024,0.4,Metric Tonnes,2000.0,Rs./Quintal,2024-02-01,2,2024
Telangana,Vegetables,Banana - Green,February-2024,149.5,Metric Tonnes,1490.94,Rs./Quintal,2024-02-01,2,2024
Telangana,Vegetables,Beetroot,February-2024,2477.18,Metric Tonnes,1487.19,Rs./Quintal,2024-02-01,2,2024
Telangana,Vegetables,Bhindi(Ladies Finger),February-2024,2383.98,Metric Tonnes,3057.21,Rs./Quintal,2024-02-01,2,2024
Telangana,Vegetables,Bitter gourd,February-2024,2263.71,Metric Tonnes,3377.06,Rs./Quintal,2024-02-01,2,2024
Telangana,Vegetables,Bottle gourd,February-2024,3148.29,Metric Tonnes,668.25,Rs./Quintal,2024-02-01,2,2024
Telangana,Vegetables,Brinjal,February-2024,4211.11,Metric Tonnes,1459.94,Rs./Quintal,2024-02-01,2,2024
Telangana,Vegetables,Cabbage,February-2024,4070.46,Metric Tonnes,1586.2,Rs./Quintal,2024-02-01,2,2024
Telangana,Vegetables,Capsicum,February-2024,1874.4,Metric Tonnes,4120.02,Rs./Quintal,2024-02-01,2,2024
Telangana,Vegetables,Carrot,February-2024,7350.9,Metric Tonnes,1446.57,Rs./Quintal,2024-02-01,2,2024
Telangana,Vegetables,Cauliflower,February-2024,2682.97,Metric Tonnes,1404.24,Rs./Quintal,2024-02-01,2,2024
Telangana,Vegetables,Chow Chow,February-2024,53.6,Metric Tonnes,953.36,Rs./Quintal,2024-02-01,2,2024
Telangana,Vegetables,Cluster beans,February-2024,1594.42,Metric Tonnes,3396.61,Rs./Quintal,2024-02-01,2,2024
Telangana,Vegetables,Colacasia,February-2024,370.15,Metric Tonnes,4282.71,Rs./Quintal,2024-02-01,2,2024
Telangana,Vegetables,Cucumbar(Kheera),February-2024,2807.25,Metric Tonnes,1799.61,Rs./Quintal,2024-02-01,2,2024
Telangana,Vegetables,Drumstick,February-2024,1294.0,Metric Tonnes,3965.56,Rs./Quintal,2024-02-01,2,2024
Telangana,Vegetables,Field Pea,February-2024,2251.8,Metric Tonnes,2658.45,Rs./Quintal,2024-02-01,2,2024
Telangana,Vegetables,French Beans(Frasbean),February-2024,2055.8,Metric Tonnes,2799.82,Rs./Quintal,2024-02-01,2,2024
Telangana,Vegetables,Green Chilli,February-2024,6662.45,Metric Tonnes,3290.52,Rs./Quintal,2024-02-01,2,2024
Telangana,Vegetables,Groundnut pods(raw),February-2024,2201.85,Metric Tonnes,6237.48,Rs./Quintal,2024-02-01,2,2024
Telangana,Vegetables,Knool Khol,February-2024,42.9,Metric Tonnes,1157.34,Rs./Quintal,2024-02-01,2,2024
Telangana,Vegetables,Leafy Vegetable,February-2024,2630.89,Bundle,1976.97,Rs./Bundle,2024-02-01,2,2024
Telangana,Vegetables,Onion,February-2024,28353.1,Metric Tonnes,1539.96,Rs./Quintal,2024-02-01,2,2024
Telangana,Vegetables,Onion Green,February-2024,148.8,Metric Tonnes,2217.2,Rs./Quintal,2024-02-01,2,2024
Telangana,Vegetables,Potato,February-2024,15190.07,Metric Tonnes,1532.02,Rs./Quintal,2024-02-01,2,2024
Telangana,Vegetables,Pumpkin,February-2024,1049.1,Metric Tonnes,1546.63,Rs./Quintal,2024-02-01,2,2024
Telangana,Vegetables,Raddish,February-2024,100.4,Metric Tonnes,332.8,Rs./Quintal,2024-02-01,2,2024
Telangana,Vegetables,Ridgeguard(Tori),February-2024,2747.98,Metric Tonnes,2680.56,Rs./Quintal,2024-02-01,2,2024
Telangana,Vegetables,Snakeguard,February-2024,144.4,Metric Tonnes,1321.47,Rs./Quintal,2024-02-01,2,2024
Telangana,Vegetables,Sweet Potato,February-2024,882.4,Metric Tonnes,1439.1,Rs./Quintal,2024-02-01,2,2024
Telangana,Vegetables,Tomato,February-2024,13951.28,Metric Tonnes,1072.39,Rs./Quintal,2024-02-01,2,2024
Telangana,Vegetables,White Pumpkin,February-2024,173.0,Metric Tonnes,1513.64,Rs./Quintal,2024-02-01,2,2024
Telangana,Vegetables,Yam(Ratalu),February-2024,129.0,Metric Tonnes,5236.01,Rs./Quintal,2024-02-01,2,2024
Telangana,Vegetables,Amaranthus,March-2024,0.3,Metric Tonnes,2000.0,Rs./Quintal,2024-03-01,3,2024
Telangana,Vegetables,Banana - Green,March-2024,295.3,Metric Tonnes,1828.82,Rs./Quintal,2024-03-01,3,2024
Telangana,Vegetables,Beetroot,March-2024,2320.85,Metric Tonnes,1391.42,Rs./Quintal,2024-03-01,3,2024
Telangana,Vegetables,Bhindi(Ladies Finger),March-2024,2974.32,Metric Tonnes,2797.04,Rs./Quintal,2024-03-01,3,2024
Telangana,Vegetables,Bitter gourd,March-2024,2887.69,Metric Tonnes,2743.6,Rs./Quintal,2024-03-01,3,2024
Telangana,Vegetables,Bottle gourd,March-2024,5277.89,Metric Tonnes,728.64,Rs./Quintal,2024-03-01,3,2024
Telangana,Vegetables,Brinjal,March-2024,4151.14,Metric Tonnes,1790.41,Rs./Quintal,2024-03-01,3,2024
Telangana,Vegetables,Cabbage,March-2024,4095.52,Metric Tonnes,1621.89,Rs./Quintal,2024-03-01,3,2024
Telangana,Vegetables,Capsicum,March-2024,1716.2,Metric Tonnes,4216.87,Rs./Quintal,2024-03-01,3,2024
Telangana,Vegetables,Carrot,March-2024,6423.15,Metric Tonnes,1549.02,Rs./Quintal,2024-03-01,3,2024
Telangana,Vegetables,Cauliflower,March-2024,2411.7,Metric Tonnes,1523.13,Rs./Quintal,2024-03-01,3,2024
Telangana,Vegetables,Chow Chow,March-2024,19.6,Metric Tonnes,931.63,Rs./Quintal,2024-03-01,3,2024
Telangana,Vegetables,Cluster beans,March-2024,2434.58,Metric Tonnes,2745.85,Rs./Quintal,2024-03-01,3,2024
Telangana,Vegetables,Colacasia,March-2024,598.75,Metric Tonnes,3391.41,Rs./Quintal,2024-03-01,3,2024
Telangana,Vegetables,Cucumbar(Kheera),March-2024,3264.2,Metric Tonnes,1820.52,Rs./Quintal,2024-03-01,3,2024
Telangana,Vegetables,Drumstick,March-2024,1838.9,Metric Tonnes,2250.99,Rs./Quintal,2024-03-01,3,2024
Telangana,Vegetables,Field Pea,March-2024,1504.2,Metric Tonnes,3705.0,Rs./Quintal,2024-03-01,3,2024
Telangana,Vegetables,French Beans(Frasbean),March-2024,2052.75,Metric Tonnes,3570.46,Rs./Quintal,2024-03-01,3,2024
Telangana,Vegetables,Green Chilli,March-2024,7931.46,Metric Tonnes,3802.85,Rs./Quintal,2024-03-01,3,2024
Telangana,Vegetables,Groundnut pods(raw),March-2024,474.5,Metric Tonnes,4065.88,Rs./Quintal,2024-03-01,3,2024
Telangana,Vegetables,Knool Khol,March-2024,24.4,Metric Tonnes,945.08,Rs./Quintal,2024-03-01,3,2024
Telangana,Vegetables,Leafy Vegetable,March-2024,2353.61,Bundle,1977.17,Rs./Bundle,2024-03-01,3,2024
Telangana,Vegetables,Onion,March-2024,25865.6,Metric Tonnes,1768.25,Rs./Quintal,2024-03-01,3,2024
Telangana,Vegetables,Onion Green,March-2024,106.2,Metric Tonnes,2629.94,Rs./Quintal,2024-03-01,3,2024
Telangana,Vegetables,Potato,March-2024,15885.96,Metric Tonnes,1793.61,Rs./Quintal,2024-03-01,3,2024
Telangana,Vegetables,Pumpkin,March-2024,1222.1,Metric Tonnes,1843.22,Rs./Quintal,2024-03-01,3,2024
Telangana,Vegetables,Raddish,March-2024,114.6,Metric Tonnes,308.18,Rs./Quintal,2024-03-01,3,2024
Telangana,Vegetables,Ridgeguard(Tori),March-2024,2781.97,Metric Tonnes,2676.26,Rs./Quintal,2024-03-01,3,2024
Telangana,Vegetables,Snakeguard,March-2024,131.61,Metric Tonnes,1431.12,Rs./Quintal,2024-03-01,3,2024
Telangana,Vegetables,Sweet Potato,March-2024,1522.2,Metric Tonnes,1394.44,Rs./Quintal,2024-03-01,3,2024
Telangana,Vegetables,Tomato,March-2024,14098.33,Metric Tonnes,731.51,Rs./Quintal,2024-03-01,3,2024
Telangana,Vegetables,White Pumpkin,March-2024,10.0,Metric Tonnes,1800.0,Rs./Quintal,2024-03-01,3,2024
Telangana,Vegetables,Yam(Ratalu),March-2024,132.2,Metric Tonnes,5432.98,Rs./Quintal,2024-03-01,3,2024
Telangana,Vegetables,Amaranthus,April-2024,0.74,Metric Tonnes,2348.65,Rs./Quintal,2024-04-01,4,2024
Telangana,Vegetables,Banana - Green,April-2024,132.6,Metric Tonnes,1397.25,Rs./Quintal,2024-04-01,4,2024
Telangana,Vegetables,Beetroot,April-2024,2032.1,Metric Tonnes,1403.98,Rs./Quintal,2024-04-01,4,2024
Telangana,Vegetables,Bhindi(Ladies Finger),April-2024,2986.67,Metric Tonnes,2152.78,Rs./Quintal,2024-04-01,4,2024
Telangana,Vegetables,Bitter gourd,April-2024,2876.42,Metric Tonnes,2513.77,Rs./Quintal,2024-04-01,4,2024
Telangana,Vegetables,Bottle gourd,April-2024,2274.84,Metric Tonnes,613.95,Rs./Quintal,2024-04-01,4,2024
Telangana,Vegetables,Brinjal,April-2024,3349.25,Metric Tonnes,2112.06,Rs./Quintal,2024-04-01,4,2024
Telangana,Vegetables,Cabbage,April-2024,4854.97,Metric Tonnes,1405.56,Rs./Quintal,2024-04-01,4,2024
Telangana,Vegetables,Capsicum,April-2024,1828.0,Metric Tonnes,4235.78,Rs./Quintal,2024-04-01,4,2024
Telangana,Vegetables,Carrot,April-2024,6618.49,Metric Tonnes,1987.66,Rs./Quintal,2024-04-01,4,2024
Telangana,Vegetables,Cauliflower,April-2024,1806.8,Metric Tonnes,1538.58,Rs./Quintal,2024-04-01,4,2024
Telangana,Vegetables,Chow Chow,April-2024,51.0,Metric Tonnes,1923.73,Rs./Quintal,2024-04-01,4,2024
Telangana,Vegetables,Cluster beans,April-2024,1749.73,Metric Tonnes,2132.03,Rs./Quintal,2024-04-01,4,2024
Telangana,Vegetables,Colacasia,April-2024,785.55,Metric Tonnes,2726.19,Rs./Quintal,2024-04-01,4,2024
Telangana,Vegetables,Cucumbar(Kheera),April-2024,1838.45,Metric Tonnes,1026.87,Rs./Quintal,2024-04-01,4,2024
Telangana,Vegetables,Drumstick,April-2024,1805.4,Metric Tonnes,1549.39,Rs./Quintal,2024-04-01,4,2024
Telangana,Vegetables,Field Pea,April-2024,787.1,Metric Tonnes,3561.94,Rs./Quintal,2024-04-01,4,2024
Telangana,Vegetables,French Beans(Frasbean),April-2024,2036.35,Metric Tonnes,4220.08,Rs./Quintal,2024-04-01,4,2024
Telangana,Vegetables,Garlic,April-2024,6.6,Metric Tonnes,3000.0,Rs./Quintal,2024-04-01,4,2024
Telangana,Vegetables,Green Chilli,April-2024,8749.92,Metric Tonnes,3761.91,Rs./Quintal,2024-04-01,4,2024
Telangana,Vegetables,Groundnut pods(raw),April-2024,372.7,Metric Tonnes,3296.95,Rs./Quintal,2024-04-01,4,2024
Telangana,Vegetables,Indian Beans(Seam),April-2024,1.63,Metric Tonnes,6614.72,Rs./Quintal,2024-04-01,4,2024
Telangana,Vegetables,Knool Khol,April-2024,5.2,Metric Tonnes,1048.08,Rs./Quintal,2024-04-01,4,2024
Telangana,Vegetables,Leafy Vegetable,April-2024,2686.46,Bundle,2021.67,Rs./Bundle,2024-04-01,4,2024
Telangana,Vegetables,Lemon,April-2024,34.2,Metric Tonnes,2520.0,Rs./Quintal,2024-04-01,4,2024
Telangana,Vegetables,Little gourd(Kundru),April-2024,2.86,Metric Tonnes,3657.34,Rs./Quintal,2024-04-01,4,2024
Telangana,Vegetables,Mango(Raw-Ripe),April-2024,1412.0,Metric Tonnes,3093.77,Rs./Quintal,2024-04-01,4,2024
Telangana,Vegetables,Onion,April-2024,22646.92,Metric Tonnes,1335.26,Rs./Quintal,2024-04-01,4,2024
Telangana,Vegetables,Onion Green,April-2024,43.3,Metric Tonnes,3188.22,Rs./Quintal,2024-04-01,4,2024
Telangana,Vegetables,Potato,April-2024,15492.58,Metric Tonnes,2283.14,Rs./Quintal,2024-04-01,4,2024
Telangana,Vegetables,Pumpkin,April-2024,1368.8,Metric Tonnes,1372.47,Rs./Quintal,2024-04-01,4,2024
Telangana,Vegetables,Raddish,April-2024,94.4,Metric Tonnes,320.87,Rs./Quintal,2024-04-01,4,2024
Telangana,Vegetables,Ridgeguard(Tori),April-2024,2253.79,Metric Tonnes,2681.9,Rs./Quintal,2024-04-01,4,2024
Telangana,Vegetables,Snakeguard,April-2024,95.7,Metric Tonnes,1461.44,Rs./Quintal,2024-04-01,4,2024
Telangana,Vegetables,Sweet Potato,April-2024,304.9,Metric Tonnes,1394.82,Rs./Quintal,2024-04-01,4,2024
Telangana,Vegetables,Tomato,April-2024,14014.46,Metric Tonnes,1176.16,Rs./Quintal,2024-04-01,4,2024
Telangana,Vegetables,White Pumpkin,April-2024,26.9,Metric Tonnes,1600.0,Rs./Quintal,2024-04-01,4,2024
Telangana,Vegetables,Yam(Ratalu),April-2024,83.9,Metric Tonnes,5837.9,Rs./Quintal,2024-04-01,4,2024
Telangana,Vegetables,Amaranthus,May-2024,0.54,Metric Tonnes,2300.0,Rs./Quintal,2024-05-01,5,2024
Telangana,Vegetables,Banana - Green,May-2024,925.9,Metric Tonnes,2197.11,Rs./Quintal,2024-05-01,5,2024
Telangana,Vegetables,Beetroot,May-2024,1871.39,Metric Tonnes,1352.63,Rs./Quintal,2024-05-01,5,2024
Telangana,Vegetables,Bhindi(Ladies Finger),May-2024,8120.51,Metric Tonnes,2066.15,Rs./Quintal,2024-05-01,5,2024
Telangana,Vegetables,Bitter gourd,May-2024,3258.72,Metric Tonnes,2629.65,Rs./Quintal,2024-05-01,5,2024
Telangana,Vegetables,Bottle gourd,May-2024,1815.29,Metric Tonnes,691.51,Rs./Quintal,2024-05-01,5,2024
Telangana,Vegetables,Brinjal,May-2024,3731.24,Metric Tonnes,2194.65,Rs./Quintal,2024-05-01,5,2024
Telangana,Vegetables,Cabbage,May-2024,5771.6,Metric Tonnes,1271.43,Rs./Quintal,2024-05-01,5,2024
Telangana,Vegetables,Capsicum,May-2024,1970.8,Metric Tonnes,3536.25,Rs./Quintal,2024-05-01,5,2024
Telangana,Vegetables,Carrot,May-2024,7504.54,Metric Tonnes,2520.14,Rs./Quintal,2024-05-01,5,2024
Telangana,Vegetables,Cauliflower,May-2024,1497.22,Metric Tonnes,1886.95,Rs./Quintal,2024-05-01,5,2024
Telangana,Vegetables,Chow Chow,May-2024,28.2,Metric Tonnes,2000.0,Rs./Quintal,2024-05-01,5,2024
Telangana,Vegetables,Cluster beans,May-2024,1078.92,Metric Tonnes,2777.86,Rs./Quintal,2024-05-01,5,2024
Telangana,Vegetables,Colacasia,May-2024,560.84,Metric Tonnes,3130.98,Rs./Quintal,2024-05-01,5,2024
Telangana,Vegetables,Cucumbar(Kheera),May-2024,1417.9,Metric Tonnes,1464.37,Rs./Quintal,2024-05-01,5,2024
Telangana,Vegetables,Drumstick,May-2024,1162.52,Metric Tonnes,2311.34,Rs./Quintal,2024-05-01,5,2024
Telangana,Vegetables,Field Pea,May-2024,461.4,Metric Tonnes,4784.64,Rs./Quintal,2024-05-01,5,2024
Telangana,Vegetables,French Beans(Frasbean),May-2024,800.25,Metric Tonnes,7760.46,Rs./Quintal,2024-05-01,5,2024
Telangana,Vegetables,Garlic,May-2024,43.1,Metric Tonnes,12932.71,Rs./Quintal,2024-05-01,5,2024
Telangana,Vegetables,Green Chilli,May-2024,8303.94,Metric Tonnes,3876.1,Rs./Quintal,2024-05-01,5,2024
Telangana,Vegetables,Groundnut pods(raw),May-2024,161.9,Metric Tonnes,3472.58,Rs./Quintal,2024-05-01,5,2024
Telangana,Vegetables,Indian Beans(Seam),May-2024,2.69,Metric Tonnes,6816.36,Rs./Quintal,2024-05-01,5,2024
Telangana,Vegetables,Knool Khol,May-2024,0.4,Metric Tonnes,800.0,Rs./Quintal,2024-05-01,5,2024
Telangana,Vegetables,Leafy Vegetable,May-2024,2931.3,Bundle,2008.03,Rs./Bundle,2024-05-01,5,2024
Telangana,Vegetables,Little gourd(Kundru),May-2024,8.99,Metric Tonnes,3884.09,Rs./Quintal,2024-05-01,5,2024
Telangana,Vegetables,Mango(Raw-Ripe),May-2024,1168.0,Metric Tonnes,3313.14,Rs./Quintal,2024-05-01,5,2024
Telangana,Vegetables,Onion,May-2024,25803.58,Metric Tonnes,1453.83,Rs./Quintal,2024-05-01,5,2024
Telangana,Vegetables,Onion Green,May-2024,164.3,Metric Tonnes,1559.22,Rs./Quintal,2024-05-01,5,2024
Telangana,Vegetables,Potato,May-2024,15665.49,Metric Tonnes,2248.75,Rs./Quintal,2024-05-01,5,2024
Telangana,Vegetables,Pumpkin,May-2024,732.8,Metric Tonnes,1027.73,Rs./Quintal,2024-05-01,5,2024
Telangana,Vegetables,Raddish,May-2024,26.7,Metric Tonnes,305.24,Rs./Quintal,2024-05-01,5,2024
Telangana,Vegetables,Ridgeguard(Tori),May-2024,2655.62,Metric Tonnes,2668.32,Rs./Quintal,2024-05-01,5,2024
Telangana,Vegetables,Snakeguard,May-2024,61.55,Metric Tonnes,1462.63,Rs./Quintal,2024-05-01,5,2024
Telangana,Vegetables,Sweet Potato,May-2024,108.3,Metric Tonnes,2287.44,Rs./Quintal,2024-05-01,5,2024
Telangana,Vegetables,Tomato,May-2024,22395.21,Metric Tonnes,1728.37,Rs./Quintal,2024-05-01,5,2024
Telangana,Vegetables,Yam(Ratalu),May-2024,46.4,Metric Tonnes,6125.54,Rs./Quintal,2024-05-01,5,2024
Telangana,Vegetables,Amaranthus,June-2024,0.13,Metric Tonnes,2200.0,Rs./Quintal,2024-06-01,6,2024
Telangana,Vegetables,Banana - Green,June-2024,91.7,Metric Tonnes,1638.71,Rs./Quintal,2024-06-01,6,2024
Telangana,Vegetables,Beetroot,June-2024,1798.22,Metric Tonnes,1627.81,Rs./Quintal,2024-06-01,6,2024
Telangana,Vegetables,Bhindi(Ladies Finger),June-2024,3974.65,Metric Tonnes,2520.65,Rs./Quintal,2024-06-01,6,2024
Telangana,Vegetables,Bitter gourd,June-2024,3603.62,Metric Tonnes,3355.48,Rs./Quintal,2024-06-01,6,2024
Telangana,Vegetables,Bottle gourd,June-2024,3236.97,Metric Tonnes,779.51,Rs./Quintal,2024-06-01,6,2024
Telangana,Vegetables,Brinjal,June-2024,3602.07,Metric Tonnes,2476.24,Rs./Quintal,2024-06-01,6,2024
Telangana,Vegetables,Cabbage,June-2024,6160.06,Metric Tonnes,1657.39,Rs./Quintal,2024-06-01,6,2024
Telangana,Vegetables,Capsicum,June-2024,2041.6,Metric Tonnes,4620.42,Rs./Quintal,2024-06-01,6,2024
Telangana,Vegetables,Carrot,June-2024,11821.22,Metric Tonnes,2774.87,Rs./Quintal,2024-06-01,6,2024
Telangana,Vegetables,Cauliflower,June-2024,1269.25,Metric Tonnes,2212.9,Rs./Quintal,2024-06-01,6,2024
Telangana,Vegetables,Chow Chow,June-2024,0.3,Metric Tonnes,1400.0,Rs./Quintal,2024-06-01,6,2024
Telangana,Vegetables,Cluster beans,June-2024,1399.64,Metric Tonnes,3635.09,Rs./Quintal,2024-06-01,6,2024
Telangana,Vegetables,Colacasia,June-2024,975.1,Metric Tonnes,2923.03,Rs./Quintal,2024-06-01,6,2024
Telangana,Vegetables,Cucumbar(Kheera),June-2024,2076.1,Metric Tonnes,1961.82,Rs./Quintal,2024-06-01,6,2024
Telangana,Vegetables,Drumstick,June-2024,855.65,Metric Tonnes,4211.2,Rs./Quintal,2024-06-01,6,2024
Telangana,Vegetables,Field Pea,June-2024,964.08,Metric Tonnes,4665.61,Rs./Quintal,2024-06-01,6,2024
Telangana,Vegetables,French Beans(Frasbean),June-2024,590.0,Metric Tonnes,8466.86,Rs./Quintal,2024-06-01,6,2024
Telangana,Vegetables,Garlic,June-2024,97.3,Metric Tonnes,14598.15,Rs./Quintal,2024-06-01,6,2024
Telangana,Vegetables,Green Chilli,June-2024,8576.94,Metric Tonnes,4601.06,Rs./Quintal,2024-06-01,6,2024
Telangana,Vegetables,Groundnut pods(raw),June-2024,228.3,Metric Tonnes,4444.94,Rs./Quintal,2024-06-01,6,2024
Telangana,Vegetables,Indian Beans(Seam),June-2024,2.61,Metric Tonnes,7317.24,Rs./Quintal,2024-06-01,6,2024
Telangana,Vegetables,Leafy Vegetable,June-2024,2549.73,Bundle,2008.19,Rs./Bundle,2024-06-01,6,2024
Telangana,Vegetables,Little gourd(Kundru),June-2024,5.97,Metric Tonnes,3877.72,Rs./Quintal,2024-06-01,6,2024
Telangana,Vegetables,Mango(Raw-Ripe),June-2024,38.01,Metric Tonnes,2889.5,Rs./Quintal,2024-06-01,6,2024
Telangana,Vegetables,Onion,June-2024,24195.14,Metric Tonnes,2067.67,Rs./Quintal,2024-06-01,6,2024
Telangana,Vegetables,Onion Green,June-2024,48.3,Metric Tonnes,4786.34,Rs./Quintal,2024-06-01,6,2024
Telangana,Vegetables,Potato,June-2024,16038.38,Metric Tonnes,2560.45,Rs./Quintal,2024-06-01,6,2024
Telangana,Vegetables,Pumpkin,June-2024,1031.6,Metric Tonnes,1197.02,Rs./Quintal,2024-06-01,6,2024
Telangana,Vegetables,Raddish,June-2024,49.0,Metric Tonnes,379.59,Rs./Quintal,2024-06-01,6,2024
Telangana,Vegetables,Ridgeguard(Tori),June-2024,2614.73,Metric Tonnes,3352.15,Rs./Quintal,2024-06-01,6,2024
Telangana,Vegetables,Snakeguard,June-2024,119.3,Metric Tonnes,1625.78,Rs./Quintal,2024-06-01,6,2024
Telangana,Vegetables,Sweet Potato,June-2024,185.6,Metric Tonnes,2752.16,Rs./Quintal,2024-06-01,6,2024
Telangana,Vegetables,Tomato,June-2024,21358.91,Metric Tonnes,3668.24,Rs./Quintal,2024-06-01,6,2024
Telangana,Vegetables,Yam(Ratalu),June-2024,119.65,Metric Tonnes,4548.73,Rs./Quintal,2024-06-01,6,2024
Telangana,Vegetables,Amaranthus,July-2024,0.8,Metric Tonnes,2462.5,Rs./Quintal,2024-07-01,7,2024
Telangana,Vegetables,Banana - Green,July-2024,128.5,Metric Tonnes,2016.5,Rs./Quintal,2024-07-01,7,2024
Telangana,Vegetables,Beetroot,July-2024,3383.33,Metric Tonnes,1773.54,Rs./Quintal,2024-07-01,7,2024
Telangana,Vegetables,Bhindi(Ladies Finger),July-2024,3330.66,Metric Tonnes,2267.28,Rs./Quintal,2024-07-01,7,2024
Telangana,Vegetables,Bitter gourd,July-2024,3893.57,Metric Tonnes,2911.79,Rs./Quintal,2024-07-01,7,2024
Telangana,Vegetables,Bottle gourd,July-2024,3112.82,Metric Tonnes,636.3,Rs./Quintal,2024-07-01,7,2024
Telangana,Vegetables,Brinjal,July-2024,3832.68,Metric Tonnes,2355.64,Rs./Quintal,2024-07-01,7,2024
Telangana,Vegetables,Cabbage,July-2024,5505.42,Metric Tonnes,2115.58,Rs./Quintal,2024-07-01,7,2024
Telangana,Vegetables,Capsicum,July-2024,2495.0,Metric Tonnes,4340.61,Rs./Quintal,2024-07-01,7,2024
Telangana,Vegetables,Carrot,July-2024,12914.43,Metric Tonnes,2415.36,Rs./Quintal,2024-07-01,7,2024
Telangana,Vegetables,Cauliflower,July-2024,1311.45,Metric Tonnes,2160.08,Rs./Quintal,2024-07-01,7,2024
Telangana,Vegetables,Chow Chow,July-2024,6.0,Metric Tonnes,2180.0,Rs./Quintal,2024-07-01,7,2024
Telangana,Vegetables,Cluster beans,July-2024,2948.61,Metric Tonnes,2865.51,Rs./Quintal,2024-07-01,7,2024
Telangana,Vegetables,Colacasia,July-2024,565.45,Metric Tonnes,2935.1,Rs./Quintal,2024-07-01,7,2024
Telangana,Vegetables,Cucumbar(Kheera),July-2024,2802.45,Metric Tonnes,1772.59,Rs./Quintal,2024-07-01,7,2024
Telangana,Vegetables,Drumstick,July-2024,630.8,Metric Tonnes,5126.0,Rs./Quintal,2024-07-01,7,2024
Telangana,Vegetables,Field Pea,July-2024,1306.9,Metric Tonnes,5023.56,Rs./Quintal,2024-07-01,7,2024
Telangana,Vegetables,French Beans(Frasbean),July-2024,869.5,Metric Tonnes,5563.96,Rs./Quintal,2024-07-01,7,2024
Telangana,Vegetables,Garlic,July-2024,53.0,Metric Tonnes,15000.0,Rs./Quintal,2024-07-01,7,2024
Telangana,Vegetables,Green Chilli,July-2024,9138.84,Metric Tonnes,4111.66,Rs./Quintal,2024-07-01,7,2024
Telangana,Vegetables,Groundnut pods(raw),July-2024,136.5,Metric Tonnes,4963.48,Rs./Quintal,2024-07-01,7,2024
Telangana,Vegetables,Indian Beans(Seam),July-2024,7.32,Metric Tonnes,6973.5,Rs./Quintal,2024-07-01,7,2024
Telangana,Vegetables,Knool Khol,July-2024,1.3,Metric Tonnes,2192.31,Rs./Quintal,2024-07-01,7,2024
Telangana,Vegetables,Leafy Vegetable,July-2024,3321.54,Bundle,2024.48,Rs./Bundle,2024-07-01,7,2024
Telangana,Vegetables,Little gourd(Kundru),July-2024,4.81,Metric Tonnes,3771.73,Rs./Quintal,2024-07-01,7,2024
Telangana,Vegetables,Onion,July-2024,23233.17,Metric Tonnes,2253.28,Rs./Quintal,2024-07-01,7,2024
Telangana,Vegetables,Onion Green,July-2024,66.1,Metric Tonnes,4247.2,Rs./Quintal,2024-07-01,7,2024
Telangana,Vegetables,Potato,July-2024,15743.25,Metric Tonnes,2815.99,Rs./Quintal,2024-07-01,7,2024
Telangana,Vegetables,Pumpkin,July-2024,945.4,Metric Tonnes,1500.6,Rs./Quintal,2024-07-01,7,2024
Telangana,Vegetables,Raddish,July-2024,65.9,Metric Tonnes,405.63,Rs./Quintal,2024-07-01,7,2024
Telangana,Vegetables,Ridgeguard(Tori),July-2024,4466.74,Metric Tonnes,1988.96,Rs./Quintal,2024-07-01,7,2024
Telangana,Vegetables,Snakeguard,July-2024,241.7,Metric Tonnes,1122.36,Rs./Quintal,2024-07-01,7,2024
Telangana,Vegetables,Sweet Potato,July-2024,231.5,Metric Tonnes,2995.85,Rs./Quintal,2024-07-01,7,2024
Telangana,Vegetables,Tomato,July-2024,21099.37,Metric Tonnes,3587.41,Rs./Quintal,2024-07-01,7,2024
Telangana,Vegetables,White Pumpkin,July-2024,185.2,Metric Tonnes,1289.85,Rs./Quintal,2024-07-01,7,2024
Telangana,Vegetables,Yam(Ratalu),July-2024,118.6,Metric Tonnes,4498.9,Rs./Quintal,2024-07-01,7,2024
Telangana,Vegetables,Amaranthus,August-2024,2.35,Metric Tonnes,2351.06,Rs./Quintal,2024-08-01,8,2024
Telangana,Vegetables,Banana - Green,August-2024,144.2,Metric Tonnes,1704.79,Rs./Quintal,2024-08-01,8,2024
Telangana,Vegetables,Beetroot,August-2024,2895.54,Metric Tonnes,1907.01,Rs./Quintal,2024-08-01,8,2024
Telangana,Vegetables,Bhindi(Ladies Finger),August-2024,3530.41,Metric Tonnes,1572.24,Rs./Quintal,2024-08-01,8,2024
Telangana,Vegetables,Bitter gourd,August-2024,3925.62,Metric Tonnes,2092.38,Rs./Quintal,2024-08-01,8,2024
Telangana,Vegetables,Bottle gourd,August-2024,2653.59,Metric Tonnes,725.06,Rs./Quintal,2024-08-01,8,2024
Telangana,Vegetables,Brinjal,August-2024,3504.82,Metric Tonnes,2165.45,Rs./Quintal,2024-08-01,8,2024
Telangana,Vegetables,Cabbage,August-2024,5478.64,Metric Tonnes,1295.53,Rs./Quintal,2024-08-01,8,2024
Telangana,Vegetables,Capsicum,August-2024,2816.7,Metric Tonnes,3220.28,Rs./Quintal,2024-08-01,8,2024
Telangana,Vegetables,Carrot,August-2024,11930.71,Metric Tonnes,2736.86,Rs./Quintal,2024-08-01,8,2024
Telangana,Vegetables,Cauliflower,August-2024,1821.25,Metric Tonnes,1784.38,Rs./Quintal,2024-08-01,8,2024
Telangana,Vegetables,Chow Chow,August-2024,10.2,Metric Tonnes,1884.31,Rs./Quintal,2024-08-01,8,2024
Telangana,Vegetables,Cluster beans,August-2024,5708.15,Metric Tonnes,2289.82,Rs./Quintal,2024-08-01,8,2024
Telangana,Vegetables,Colacasia,August-2024,568.8,Metric Tonnes,3161.3,Rs./Quintal,2024-08-01,8,2024
Telangana,Vegetables,Cucumbar(Kheera),August-2024,1997.1,Metric Tonnes,1034.62,Rs./Quintal,2024-08-01,8,2024
Telangana,Vegetables,Drumstick,August-2024,1624.82,Metric Tonnes,2428.75,Rs./Quintal,2024-08-01,8,2024
Telangana,Vegetables,Field Pea,August-2024,2519.65,Metric Tonnes,3290.92,Rs./Quintal,2024-08-01,8,2024
Telangana,Vegetables,French Beans(Frasbean),August-2024,1224.05,Metric Tonnes,3551.35,Rs./Quintal,2024-08-01,8,2024
Telangana,Vegetables,Garlic,August-2024,49.4,Metric Tonnes,14222.67,Rs./Quintal,2024-08-01,8,2024
Telangana,Vegetables,Green Chilli,August-2024,7886.76,Metric Tonnes,2922.11,Rs./Quintal,2024-08-01,8,2024
Telangana,Vegetables,Groundnut pods(raw),August-2024,88.8,Metric Tonnes,4664.86,Rs./Quintal,2024-08-01,8,2024
Telangana,Vegetables,Indian Beans(Seam),August-2024,7.63,Metric Tonnes,4811.53,Rs./Quintal,2024-08-01,8,2024
Telangana,Vegetables,Knool Khol,August-2024,0.2,Metric Tonnes,1500.0,Rs./Quintal,2024-08-01,8,2024
Telangana,Vegetables,Leafy Vegetable,August-2024,2640.72,Bundle,2016.27,Rs./Bundle,2024-08-01,8,2024
Telangana,Vegetables,Little gourd(Kundru),August-2024,5.19,Metric Tonnes,4478.23,Rs./Quintal,2024-08-01,8,2024
Telangana,Vegetables,Onion,August-2024,15199.38,Metric Tonnes,2558.18,Rs./Quintal,2024-08-01,8,2024
Telangana,Vegetables,Onion Green,August-2024,56.6,Metric Tonnes,2620.41,Rs./Quintal,2024-08-01,8,2024
Telangana,Vegetables,Potato,August-2024,14625.28,Metric Tonnes,2717.03,Rs./Quintal,2024-08-01,8,2024
Telangana,Vegetables,Pumpkin,August-2024,1100.9,Metric Tonnes,1258.09,Rs./Quintal,2024-08-01,8,2024
Telangana,Vegetables,Raddish,August-2024,37.0,Metric Tonnes,549.81,Rs./Quintal,2024-08-01,8,2024
Telangana,Vegetables,Ridgeguard(Tori),August-2024,3429.26,Metric Tonnes,1944.0,Rs./Quintal,2024-08-01,8,2024
Telangana,Vegetables,Snakeguard,August-2024,221.2,Metric Tonnes,1154.54,Rs./Quintal,2024-08-01,8,2024
Telangana,Vegetables,Sweet Potato,August-2024,44.4,Metric Tonnes,4870.72,Rs./Quintal,2024-08-01,8,2024
Telangana,Vegetables,Tomato,August-2024,22292.01,Metric Tonnes,1267.05,Rs./Quintal,2024-08-01,8,2024
Telangana,Vegetables,White Pumpkin,August-2024,255.5,Metric Tonnes,1624.31,Rs./Quintal,2024-08-01,8,2024
Telangana,Vegetables,Yam(Ratalu),August-2024,145.0,Metric Tonnes,4175.24,Rs./Quintal,2024-08-01,8,2024
Telangana,Vegetables,Amaranthus,September-2024,2.3,Metric Tonnes,2334.78,Rs./Quintal,2024-09-01,9,2024
Telangana,Vegetables,Banana - Green,September-2024,153.01,Metric Tonnes,2163.13,Rs./Quintal,2024-09-01,9,2024
Telangana,Vegetables,Beetroot,September-2024,2443.71,Metric Tonnes,1940.81,Rs./Quintal,2024-09-01,9,2024
Telangana,Vegetables,Bhindi(Ladies Finger),September-2024,4000.59,Metric Tonnes,2839.37,Rs./Quintal,2024-09-01,9,2024
Telangana,Vegetables,Bitter gourd,September-2024,3207.4,Metric Tonnes,2924.04,Rs./Quintal,2024-09-01,9,2024
Telangana,Vegetables,Bottle gourd,September-2024,2595.71,Metric Tonnes,1191.95,Rs./Quintal,2024-09-01,9,2024
Telangana,Vegetables,Brinjal,September-2024,4335.61,Metric Tonnes,2403.51,Rs./Quintal,2024-09-01,9,2024
Telangana,Vegetables,Cabbage,September-2024,6207.3,Metric Tonnes,1179.94,Rs./Quintal,2024-09-01,9,2024
Telangana,Vegetables,Capsicum,September-2024,2286.9,Metric Tonnes,4260.46,Rs./Quintal,2024-09-01,9,2024
Telangana,Vegetables,Carrot,September-2024,8384.25,Metric Tonnes,3310.77,Rs./Quintal,2024-09-01,9,2024
Telangana,Vegetables,Cauliflower,September-2024,1616.85,Metric Tonnes,1899.59,Rs./Quintal,2024-09-01,9,2024
Telangana,Vegetables,Chow Chow,September-2024,32.3,Metric Tonnes,1599.69,Rs./Quintal,2024-09-01,9,2024
Telangana,Vegetables,Cluster beans,September-2024,2932.14,Metric Tonnes,2739.57,Rs./Quintal,2024-09-01,9,2024
Telangana,Vegetables,Colacasia,September-2024,788.15,Metric Tonnes,3071.85,Rs./Quintal,2024-09-01,9,2024
Telangana,Vegetables,Cucumbar(Kheera),September-2024,1873.6,Metric Tonnes,1445.87,Rs./Quintal,2024-09-01,9,2024
Telangana,Vegetables,Drumstick,September-2024,1687.35,Metric Tonnes,3111.38,Rs./Quintal,2024-09-01,9,2024
Telangana,Vegetables,Field Pea,September-2024,1812.5,Metric Tonnes,5476.52,Rs./Quintal,2024-09-01,9,2024
Telangana,Vegetables,French Beans(Frasbean),September-2024,1387.75,Metric Tonnes,4915.52,Rs./Quintal,2024-09-01,9,2024
Telangana,Vegetables,Garlic,September-2024,129.5,Metric Tonnes,18791.51,Rs./Quintal,2024-09-01,9,2024
Telangana,Vegetables,Green Chilli,September-2024,8785.47,Metric Tonnes,1980.86,Rs./Quintal,2024-09-01,9,2024
Telangana,Vegetables,Groundnut pods(raw),September-2024,366.6,Metric Tonnes,4443.96,Rs./Quintal,2024-09-01,9,2024
Telangana,Vegetables,Indian Beans(Seam),September-2024,3.2,Metric Tonnes,6555.0,Rs./Quintal,2024-09-01,9,2024
Telangana,Vegetables,Knool Khol,September-2024,6.5,Metric Tonnes,1483.08,Rs./Quintal,2024-09-01,9,2024
Telangana,Vegetables,Leafy Vegetable,September-2024,2502.44,Bundle,2039.48,Rs./Bundle,2024-09-01,9,2024
Telangana,Vegetables,Little gourd(Kundru),September-2024,5.04,Metric Tonnes,5173.41,Rs./Quintal,2024-09-01,9,2024
Telangana,Vegetables,Onion,September-2024,29607.36,Metric Tonnes,3224.96,Rs./Quintal,2024-09-01,9,2024
Telangana,Vegetables,Onion Green,September-2024,50.6,Metric Tonnes,3170.95,Rs./Quintal,2024-09-01,9,2024
Telangana,Vegetables,Potato,September-2024,16372.22,Metric Tonnes,2795.97,Rs./Quintal,2024-09-01,9,2024
Telangana,Vegetables,Pumpkin,September-2024,1183.2,Metric Tonnes,934.78,Rs./Quintal,2024-09-01,9,2024
Telangana,Vegetables,Raddish,September-2024,17.8,Metric Tonnes,732.81,Rs./Quintal,2024-09-01,9,2024
Telangana,Vegetables,Ridgeguard(Tori),September-2024,3039.4,Metric Tonnes,2936.19,Rs./Quintal,2024-09-01,9,2024
Telangana,Vegetables,Snakeguard,September-2024,109.3,Metric Tonnes,1658.01,Rs./Quintal,2024-09-01,9,2024
Telangana,Vegetables,Sweet Potato,September-2024,205.0,Metric Tonnes,2886.54,Rs./Quintal,2024-09-01,9,2024
Telangana,Vegetables,Tomato,September-2024,21550.22,Metric Tonnes,1987.83,Rs./Quintal,2024-09-01,9,2024
Telangana,Vegetables,White Pumpkin,September-2024,445.5,Metric Tonnes,1140.63,Rs./Quintal,2024-09-01,9,2024
Telangana,Vegetables,Yam(Ratalu),September-2024,107.9,Metric Tonnes,4977.2,Rs./Quintal,2024-09-01,9,2024
Telangana,Vegetables,Amaranthus,October-2024,2.5,Metric Tonnes,2304.0,Rs./Quintal,2024-10-01,10,2024
Telangana,Vegetables,Banana - Green,October-2024,184.31,Metric Tonnes,2076.07,Rs./Quintal,2024-10-01,10,2024
Telangana,Vegetables,Beetroot,October-2024,1885.37,Metric Tonnes,2069.19,Rs./Quintal,2024-10-01,10,2024
Telangana,Vegetables,Bhindi(Ladies Finger),October-2024,3044.29,Metric Tonnes,3319.58,Rs./Quintal,2024-10-01,10,2024
Telangana,Vegetables,Bitter gourd,October-2024,3758.14,Metric Tonnes,2760.9,Rs./Quintal,2024-10-01,10,2024
Telangana,Vegetables,Bottle gourd,October-2024,3033.16,Metric Tonnes,1169.43,Rs./Quintal,2024-10-01,10,2024
Telangana,Vegetables,Brinjal,October-2024,3777.94,Metric Tonnes,2543.54,Rs./Quintal,2024-10-01,10,2024
Telangana,Vegetables,Cabbage,October-2024,5569.24,Metric Tonnes,1590.59,Rs./Quintal,2024-10-01,10,2024
Telangana,Vegetables,Capsicum,October-2024,2010.75,Metric Tonnes,4923.51,Rs./Quintal,2024-10-01,10,2024
Telangana,Vegetables,Carrot,October-2024,5386.78,Metric Tonnes,3077.33,Rs./Quintal,2024-10-01,10,2024
Telangana,Vegetables,Cauliflower,October-2024,1503.0,Metric Tonnes,2033.26,Rs./Quintal,2024-10-01,10,2024
Telangana,Vegetables,Chow Chow,October-2024,47.2,Metric Tonnes,1586.65,Rs./Quintal,2024-10-01,10,2024
Telangana,Vegetables,Cluster beans,October-2024,2417.06,Metric Tonnes,2969.47,Rs./Quintal,2024-10-01,10,2024
Telangana,Vegetables,Colacasia,October-2024,716.1,Metric Tonnes,3058.76,Rs./Quintal,2024-10-01,10,2024
Telangana,Vegetables,Cucumbar(Kheera),October-2024,1757.0,Metric Tonnes,1967.38,Rs./Quintal,2024-10-01,10,2024
Telangana,Vegetables,Drumstick,October-2024,1310.77,Metric Tonnes,4379.33,Rs./Quintal,2024-10-01,10,2024
Telangana,Vegetables,Field Pea,October-2024,1359.7,Metric Tonnes,4795.36,Rs./Quintal,2024-10-01,10,2024
Telangana,Vegetables,French Beans(Frasbean),October-2024,994.45,Metric Tonnes,7534.43,Rs./Quintal,2024-10-01,10,2024
Telangana,Vegetables,Garlic,October-2024,87.6,Metric Tonnes,21326.48,Rs./Quintal,2024-10-01,10,2024
Telangana,Vegetables,Green Chilli,October-2024,9218.6,Metric Tonnes,2750.49,Rs./Quintal,2024-10-01,10,2024
Telangana,Vegetables,Groundnut pods(raw),October-2024,355.3,Metric Tonnes,4155.9,Rs./Quintal,2024-10-01,10,2024
Telangana,Vegetables,Indian Beans(Seam),October-2024,2.24,Metric Tonnes,6113.39,Rs./Quintal,2024-10-01,10,2024
Telangana,Vegetables,Knool Khol,October-2024,4.8,Metric Tonnes,1466.67,Rs./Quintal,2024-10-01,10,2024
Telangana,Vegetables,Leafy Vegetable,October-2024,2726.37,Bundle,2011.44,Rs./Bundle,2024-10-01,10,2024
Telangana,Vegetables,Little gourd(Kundru),October-2024,4.43,Metric Tonnes,5011.29,Rs./Quintal,2024-10-01,10,2024
Telangana,Vegetables,Onion,October-2024,42457.7,Metric Tonnes,3261.96,Rs./Quintal,2024-10-01,10,2024
Telangana,Vegetables,Onion Green,October-2024,79.6,Metric Tonnes,3589.64,Rs./Quintal,2024-10-01,10,2024
Telangana,Vegetables,Potato,October-2024,18987.24,Metric Tonnes,2697.51,Rs./Quintal,2024-10-01,10,2024
Telangana,Vegetables,Pumpkin,October-2024,3499.6,Metric Tonnes,1012.62,Rs./Quintal,2024-10-01,10,2024
Telangana,Vegetables,Raddish,October-2024,25.1,Metric Tonnes,664.5,Rs./Quintal,2024-10-01,10,2024
Telangana,Vegetables,Ridgeguard(Tori),October-2024,3386.66,Metric Tonnes,2690.72,Rs./Quintal,2024-10-01,10,2024
Telangana,Vegetables,Snakeguard,October-2024,104.5,Metric Tonnes,1638.37,Rs./Quintal,2024-10-01,10,2024
Telangana,Vegetables,Sweet Potato,October-2024,293.5,Metric Tonnes,2200.1,Rs./Quintal,2024-10-01,10,2024
Telangana,Vegetables,Tomato,October-2024,22020.25,Metric Tonnes,2998.09,Rs./Quintal,2024-10-01,10,2024
Telangana,Vegetables,White Pumpkin,October-2024,1286.6,Metric Tonnes,1109.54,Rs./Quintal,2024-10-01,10,2024
Telangana,Vegetables,Yam(Ratalu),October-2024,143.6,Metric Tonnes,4848.15,Rs./Quintal,2024-10-01,10,2024
Telangana,Vegetables,Amaranthus,November-2024,1.6,Metric Tonnes,2206.25,Rs./Quintal,2024-11-01,11,2024
Telangana,Vegetables,Banana - Green,November-2024,6196.1,Metric Tonnes,2291.73,Rs./Quintal,2024-11-01,11,2024
Telangana,Vegetables,Beetroot,November-2024,1182.58,Metric Tonnes,3489.96,Rs./Quintal,2024-11-01,11,2024
Telangana,Vegetables,Bhindi(Ladies Finger),November-2024,2835.54,Metric Tonnes,2015.68,Rs./Quintal,2024-11-01,11,2024
Telangana,Vegetables,Bitter gourd,November-2024,3453.49,Metric Tonnes,2073.46,Rs./Quintal,2024-11-01,11,2024
Telangana,Vegetables,Bottle gourd,November-2024,2925.31,Metric Tonnes,1009.64,Rs./Quintal,2024-11-01,11,2024
Telangana,Vegetables,Brinjal,November-2024,4132.3,Metric Tonnes,2593.12,Rs./Quintal,2024-11-01,11,2024
Telangana,Vegetables,Cabbage,November-2024,4237.94,Metric Tonnes,2029.14,Rs./Quintal,2024-11-01,11,2024
Telangana,Vegetables,Capsicum,November-2024,1975.99,Metric Tonnes,4506.74,Rs./Quintal,2024-11-01,11,2024
Telangana,Vegetables,Carrot,November-2024,4258.4,Metric Tonnes,4077.43,Rs./Quintal,2024-11-01,11,2024
Telangana,Vegetables,Cauliflower,November-2024,1690.94,Metric Tonnes,1920.27,Rs./Quintal,2024-11-01,11,2024
Telangana,Vegetables,Chow Chow,November-2024,49.1,Metric Tonnes,1345.01,Rs./Quintal,2024-11-01,11,2024
Telangana,Vegetables,Cluster beans,November-2024,1995.5,Metric Tonnes,2742.16,Rs./Quintal,2024-11-01,11,2024
Telangana,Vegetables,Colacasia,November-2024,584.9,Metric Tonnes,2899.32,Rs./Quintal,2024-11-01,11,2024
Telangana,Vegetables,Cucumbar(Kheera),November-2024,2208.7,Metric Tonnes,1662.8,Rs./Quintal,2024-11-01,11,2024
Telangana,Vegetables,Drumstick,November-2024,490.7,Metric Tonnes,3908.68,Rs./Quintal,2024-11-01,11,2024
Telangana,Vegetables,Field Pea,November-2024,2218.6,Metric Tonnes,4431.15,Rs./Quintal,2024-11-01,11,2024
Telangana,Vegetables,French Beans(Frasbean),November-2024,1958.0,Metric Tonnes,3703.06,Rs./Quintal,2024-11-01,11,2024
Telangana,Vegetables,Garlic,November-2024,44.4,Metric Tonnes,20000.0,Rs./Quintal,2024-11-01,11,2024
Telangana,Vegetables,Green Chilli,November-2024,6722.83,Metric Tonnes,2458.37,Rs./Quintal,2024-11-01,11,2024
Telangana,Vegetables,Groundnut pods(raw),November-2024,299.1,Metric Tonnes,4846.89,Rs./Quintal,2024-11-01,11,2024
Telangana,Vegetables,Indian Beans(Seam),November-2024,7.82,Metric Tonnes,6462.15,Rs./Quintal,2024-11-01,11,2024
Telangana,Vegetables,Knool Khol,November-2024,0.9,Metric Tonnes,1600.0,Rs./Quintal,2024-11-01,11,2024
Telangana,Vegetables,Leafy Vegetable,November-2024,2775.85,Bundle,2025.46,Rs./Bundle,2024-11-01,11,2024
Telangana,Vegetables,Little gourd(Kundru),November-2024,3.27,Metric Tonnes,4828.13,Rs./Quintal,2024-11-01,11,2024
Telangana,Vegetables,Onion,November-2024,36323.01,Metric Tonnes,3345.25,Rs./Quintal,2024-11-01,11,2024
Telangana,Vegetables,Onion Green,November-2024,95.4,Metric Tonnes,3218.55,Rs./Quintal,2024-11-01,11,2024
Telangana,Vegetables,Potato,November-2024,15458.74,Metric Tonnes,2688.02,Rs./Quintal,2024-11-01,11,2024
Telangana,Vegetables,Pumpkin,November-2024,681.8,Metric Tonnes,1186.87,Rs./Quintal,2024-11-01,11,2024
Telangana,Vegetables,Raddish,November-2024,60.3,Metric Tonnes,585.66,Rs./Quintal,2024-11-01,11,2024
Telangana,Vegetables,Ridgeguard(Tori),November-2024,3429.77,Metric Tonnes,2134.97,Rs./Quintal,2024-11-01,11,2024
Telangana,Vegetables,Snakeguard,November-2024,113.7,Metric Tonnes,1635.62,Rs./Quintal,2024-11-01,11,2024
Telangana,Vegetables,Sweet Potato,November-2024,286.6,Metric Tonnes,2054.22,Rs./Quintal,2024-11-01,11,2024
Telangana,Vegetables,Tomato,November-2024,19821.49,Metric Tonnes,2157.67,Rs./Quintal,2024-11-01,11,2024
Telangana,Vegetables,White Pumpkin,November-2024,434.1,Metric Tonnes,1051.53,Rs./Quintal,2024-11-01,11,2024
Telangana,Vegetables,Yam(Ratalu),November-2024,144.2,Metric Tonnes,5034.33,Rs./Quintal,2024-11-01,11,2024
Telangana,Vegetables,Amaranthus,December-2024,0.1,Metric Tonnes,2200.0,Rs./Quintal,2024-12-01,12,2024
Telangana,Vegetables,Banana - Green,December-2024,3704.7,Metric Tonnes,2279.72,Rs./Quintal,2024-12-01,12,2024
Telangana,Vegetables,Beetroot,December-2024,1805.18,Metric Tonnes,2686.88,Rs./Quintal,2024-12-01,12,2024
Telangana,Vegetables,Bhindi(Ladies Finger),December-2024,3425.27,Metric Tonnes,1661.15,Rs./Quintal,2024-12-01,12,2024
Telangana,Vegetables,Bitter gourd,December-2024,3572.16,Metric Tonnes,2000.38,Rs./Quintal,2024-12-01,12,2024
Telangana,Vegetables,Bottle gourd,December-2024,2760.4,Metric Tonnes,734.06,Rs./Quintal,2024-12-01,12,2024
Telangana,Vegetables,Brinjal,December-2024,4889.74,Metric Tonnes,1732.66,Rs./Quintal,2024-12-01,12,2024
Telangana,Vegetables,Cabbage,December-2024,5530.73,Metric Tonnes,1299.14,Rs./Quintal,2024-12-01,12,2024
Telangana,Vegetables,Capsicum,December-2024,3008.4,Metric Tonnes,3675.47,Rs./Quintal,2024-12-01,12,2024
Telangana,Vegetables,Carrot,December-2024,7649.44,Metric Tonnes,2585.89,Rs./Quintal,2024-12-01,12,2024
Telangana,Vegetables,Cauliflower,December-2024,3268.52,Metric Tonnes,1371.25,Rs./Quintal,2024-12-01,12,2024
Telangana,Vegetables,Chow Chow,December-2024,62.7,Metric Tonnes,1102.71,Rs./Quintal,2024-12-01,12,2024
Telangana,Vegetables,Cluster beans,December-2024,1897.24,Metric Tonnes,2191.34,Rs./Quintal,2024-12-01,12,2024
Telangana,Vegetables,Colacasia,December-2024,537.2,Metric Tonnes,2823.51,Rs./Quintal,2024-12-01,12,2024
Telangana,Vegetables,Cucumbar(Kheera),December-2024,1905.2,Metric Tonnes,1343.58,Rs./Quintal,2024-12-01,12,2024
Telangana,Vegetables,Drumstick,December-2024,269.02,Metric Tonnes,11571.96,Rs./Quintal,2024-12-01,12,2024
Telangana,Vegetables,Field Pea,December-2024,3765.7,Metric Tonnes,3063.71,Rs./Quintal,2024-12-01,12,2024
Telangana,Vegetables,French Beans(Frasbean),December-2024,2362.2,Metric Tonnes,2945.63,Rs./Quintal,2024-12-01,12,2024
Telangana,Vegetables,Garlic,December-2024,27.6,Metric Tonnes,25000.0,Rs./Quintal,2024-12-01,12,2024
Telangana,Vegetables,Green Chilli,December-2024,6513.99,Metric Tonnes,2276.57,Rs./Quintal,2024-12-01,12,2024
Telangana,Vegetables,Groundnut pods(raw),December-2024,584.2,Metric Tonnes,4068.68,Rs./Quintal,2024-12-01,12,2024
Telangana,Vegetables,Indian Beans(Seam),December-2024,6.86,Metric Tonnes,6329.45,Rs./Quintal,2024-12-01,12,2024
Telangana,Vegetables,Knool Khol,December-2024,6.3,Metric Tonnes,1334.13,Rs./Quintal,2024-12-01,12,2024
Telangana,Vegetables,Leafy Vegetable,December-2024,2642.49,Bundle,1998.86,Rs./Bundle,2024-12-01,12,2024
Telangana,Vegetables,Onion,December-2024,23713.1,Metric Tonnes,2637.48,Rs./Quintal,2024-12-01,12,2024
Telangana,Vegetables,Onion Green,December-2024,219.1,Metric Tonnes,2444.0,Rs./Quintal,2024-12-01,12,2024
Telangana,Vegetables,Potato,December-2024,18622.4,Metric Tonnes,2210.9,Rs./Quintal,2024-12-01,12,2024
Telangana,Vegetables,Pumpkin,December-2024,731.5,Metric Tonnes,1057.38,Rs./Quintal,2024-12-01,12,2024
Telangana,Vegetables,Raddish,December-2024,81.5,Metric Tonnes,570.9,Rs./Quintal,2024-12-01,12,2024
Telangana,Vegetables,Ridgeguard(Tori),December-2024,2547.03,Metric Tonnes,2289.16,Rs./Quintal,2024-12-01,12,2024
Telangana,Vegetables,Snakeguard,December-2024,145.2,Metric Tonnes,1333.26,Rs./Quintal,2024-12-01,12,2024
Telangana,Vegetables,Sweet Potato,December-2024,469.9,Metric Tonnes,2014.43,Rs./Quintal,2024-12-01,12,2024
Telangana,Vegetables,Tomato,December-2024,19009.85,Metric Tonnes,1241.22,Rs./Quintal,2024-12-01,12,2024
Telangana,Vegetables,White Pumpkin,December-2024,372.7,Metric Tonnes,884.84,Rs./Quintal,2024-12-01,12,2024
Telangana,Vegetables,Yam(Ratalu),December-2024,125.7,Metric Tonnes,4862.13,Rs./Quintal,2024-12-01,12,2024
Telangana,Vegetables,Banana - Green,January-2025,153.1,Metric Tonnes,1728.61,Rs./Quintal,2025-01-01,1,2025
Telangana,Vegetables,Beetroot,January-2025,1678.73,Metric Tonnes,1983.76,Rs./Quintal,2025-01-01,1,2025
Telangana,Vegetables,Bhindi(Ladies Finger),January-2025,2788.49,Metric Tonnes,2066.11,Rs./Quintal,2025-01-01,1,2025
Telangana,Vegetables,Bitter gourd,January-2025,2233.75,Metric Tonnes,2743.96,Rs./Quintal,2025-01-01,1,2025
Telangana,Vegetables,Bottle gourd,January-2025,2594.87,Metric Tonnes,713.12,Rs./Quintal,2025-01-01,1,2025
Telangana,Vegetables,Brinjal,January-2025,3942.73,Metric Tonnes,1822.48,Rs./Quintal,2025-01-01,1,2025
Telangana,Vegetables,Cabbage,January-2025,5140.03,Metric Tonnes,892.13,Rs./Quintal,2025-01-01,1,2025
Telangana,Vegetables,Capsicum,January-2025,3186.5,Metric Tonnes,2984.07,Rs./Quintal,2025-01-01,1,2025
Telangana,Vegetables,Carrot,January-2025,4443.62,Metric Tonnes,1724.96,Rs./Quintal,2025-01-01,1,2025
Telangana,Vegetables,Cauliflower,January-2025,2580.02,Metric Tonnes,1233.43,Rs./Quintal,2025-01-01,1,2025
Telangana,Vegetables,Chow Chow,January-2025,64.0,Metric Tonnes,902.73,Rs./Quintal,2025-01-01,1,2025
Telangana,Vegetables,Cluster beans,January-2025,2167.62,Metric Tonnes,2179.09,Rs./Quintal,2025-01-01,1,2025
Telangana,Vegetables,Colacasia,January-2025,400.25,Metric Tonnes,3098.7,Rs./Quintal,2025-01-01,1,2025
Telangana,Vegetables,Cucumbar(Kheera),January-2025,1689.12,Metric Tonnes,1538.89,Rs./Quintal,2025-01-01,1,2025
Telangana,Vegetables,Drumstick,January-2025,554.8,Metric Tonnes,6683.26,Rs./Quintal,2025-01-01,1,2025
Telangana,Vegetables,Field Pea,January-2025,2904.7,Metric Tonnes,3215.81,Rs./Quintal,2025-01-01,1,2025
Telangana,Vegetables,French Beans(Frasbean),January-2025,1728.08,Metric Tonnes,3119.25,Rs./Quintal,2025-01-01,1,2025
Telangana,Vegetables,Green Chilli,January-2025,6607.19,Metric Tonnes,3005.06,Rs./Quintal,2025-01-01,1,2025
Telangana,Vegetables,Knool Khol,January-2025,26.1,Metric Tonnes,1212.26,Rs./Quintal,2025-01-01,1,2025
Telangana,Vegetables,Leafy Vegetable,January-2025,2702.76,Bundle,2000.34,Rs./Bundle,2025-01-01,1,2025
Telangana,Vegetables,Onion,January-2025,28464.1,Metric Tonnes,2465.22,Rs./Quintal,2025-01-01,1,2025
Telangana,Vegetables,Onion Green,January-2025,331.1,Metric Tonnes,2745.0,Rs./Quintal,2025-01-01,1,2025
Telangana,Vegetables,Potato,January-2025,14984.13,Metric Tonnes,1746.95,Rs./Quintal,2025-01-01,1,2025
Telangana,Vegetables,Pumpkin,January-2025,717.1,Metric Tonnes,980.18,Rs./Quintal,2025-01-01,1,2025
Telangana,Vegetables,Raddish,January-2025,140.5,Metric Tonnes,539.41,Rs./Quintal,2025-01-01,1,2025
Telangana,Vegetables,Ridgeguard(Tori),January-2025,1992.11,Metric Tonnes,2271.62,Rs./Quintal,2025-01-01,1,2025
Telangana,Vegetables,Snakeguard,January-2025,91.5,Metric Tonnes,1492.46,Rs./Quintal,2025-01-01,1,2025
Telangana,Vegetables,Sweet Potato,January-2025,507.5,Metric Tonnes,2008.65,Rs./Quintal,2025-01-01,1,2025
Telangana,Vegetables,Tomato,January-2025,14632.87,Metric Tonnes,709.75,Rs./Quintal,2025-01-01,1,2025
Telangana,Vegetables,Yam(Ratalu),January-2025,77.15,Metric Tonnes,5381.98,Rs./Quintal,2025-01-01,1,2025
Telangana,Vegetables,Banana - Green,February-2025,142.7,Metric Tonnes,1674.35,Rs./Quintal,2025-02-01,2,2025
Telangana,Vegetables,Beetroot,February-2025,1935.3,Metric Tonnes,1267.99,Rs./Quintal,2025-02-01,2,2025
Telangana,Vegetables,Bhindi(Ladies Finger),February-2025,2393.03,Metric Tonnes,2023.97,Rs./Quintal,2025-02-01,2,2025
Telangana,Vegetables,Bitter gourd,February-2025,2006.89,Metric Tonnes,2398.51,Rs./Quintal,2025-02-01,2,2025
Telangana,Vegetables,Bottle gourd,February-2025,2568.8,Metric Tonnes,553.24,Rs./Quintal,2025-02-01,2,2025
Telangana,Vegetables,Brinjal,February-2025,3698.32,Metric Tonnes,1350.26,Rs./Quintal,2025-02-01,2,2025
Telangana,Vegetables,Cabbage,February-2025,3949.2,Metric Tonnes,609.57,Rs./Quintal,2025-02-01,2,2025
Telangana,Vegetables,Capsicum,February-2025,2420.6,Metric Tonnes,2492.43,Rs./Quintal,2025-02-01,2,2025
Telangana,Vegetables,Carrot,February-2025,7530.13,Metric Tonnes,1165.0,Rs./Quintal,2025-02-01,2,2025
Telangana,Vegetables,Cauliflower,February-2025,2379.35,Metric Tonnes,1232.64,Rs./Quintal,2025-02-01,2,2025
Telangana,Vegetables,Chow Chow,February-2025,44.5,Metric Tonnes,869.89,Rs./Quintal,2025-02-01,2,2025
Telangana,Vegetables,Cluster beans,February-2025,1218.11,Metric Tonnes,2510.87,Rs./Quintal,2025-02-01,2,2025
Telangana,Vegetables,Colacasia,February-2025,355.9,Metric Tonnes,3341.82,Rs./Quintal,2025-02-01,2,2025
Telangana,Vegetables,Cucumbar(Kheera),February-2025,1713.3,Metric Tonnes,1560.25,Rs./Quintal,2025-02-01,2,2025
Telangana,Vegetables,Drumstick,February-2025,1148.25,Metric Tonnes,4132.89,Rs./Quintal,2025-02-01,2,2025
Telangana,Vegetables,Field Pea,February-2025,3045.4,Metric Tonnes,2271.84,Rs./Quintal,2025-02-01,2,2025
Telangana,Vegetables,French Beans(Frasbean),February-2025,1687.2,Metric Tonnes,2568.85,Rs./Quintal,2025-02-01,2,2025
Telangana,Vegetables,Garlic,February-2025,12.2,Metric Tonnes,13000.0,Rs./Quintal,2025-02-01,2,2025
Telangana,Vegetables,Green Chilli,February-2025,5874.21,Metric Tonnes,2211.81,Rs./Quintal,2025-02-01,2,2025
Telangana,Vegetables,Groundnut pods(raw),February-2025,328.6,Metric Tonnes,5815.38,Rs./Quintal,2025-02-01,2,2025
Telangana,Vegetables,Knool Khol,February-2025,40.0,Metric Tonnes,850.38,Rs./Quintal,2025-02-01,2,2025
Telangana,Vegetables,Leafy Vegetable,February-2025,2880.07,Bundle,1986.4,Rs./Bundle,2025-02-01,2,2025
Telangana,Vegetables,Onion,February-2025,24121.0,Metric Tonnes,2272.83,Rs./Quintal,2025-02-01,2,2025
Telangana,Vegetables,Onion Green,February-2025,117.3,Metric Tonnes,2464.19,Rs./Quintal,2025-02-01,2,2025
Telangana,Vegetables,Potato,February-2025,11801.28,Metric Tonnes,1509.99,Rs./Quintal,2025-02-01,2,2025
Telangana,Vegetables,Pumpkin,February-2025,840.7,Metric Tonnes,951.54,Rs./Quintal,2025-02-01,2,2025
Telangana,Vegetables,Raddish,February-2025,152.6,Metric Tonnes,463.34,Rs./Quintal,2025-02-01,2,2025
Telangana,Vegetables,Ridgeguard(Tori),February-2025,1915.9,Metric Tonnes,2218.74,Rs./Quintal,2025-02-01,2,2025
Telangana,Vegetables,Snakeguard,February-2025,70.4,Metric Tonnes,1405.26,Rs./Quintal,2025-02-01,2,2025
Telangana,Vegetables,Sweet Potato,February-2025,1276.4,Metric Tonnes,1983.42,Rs./Quintal,2025-02-01,2,2025
Telangana,Vegetables,Tomato,February-2025,13981.91,Metric Tonnes,656.04,Rs./Quintal,2025-02-01,2,2025
Telangana,Vegetables,White Pumpkin,February-2025,103.0,Metric Tonnes,1165.05,Rs./Quintal,2025-02-01,2,2025
Telangana,Vegetables,Yam(Ratalu),February-2025,93.6,Metric Tonnes,5599.47,Rs./Quintal,2025-02-01,2,2025
Telangana,Vegetables,Banana - Green,March-2025,162.0,Metric Tonnes,1679.26,Rs./Quintal,2025-03-01,3,2025
Telangana,Vegetables,Beetroot,March-2025,2957.3,Metric Tonnes,1011.56,Rs./Quintal,2025-03-01,3,2025
Telangana,Vegetables,Bhindi(Ladies Finger),March-2025,3329.13,Metric Tonnes,1929.01,Rs./Quintal,2025-03-01,3,2025
Telangana,Vegetables,Bitter gourd,March-2025,2616.8,Metric Tonnes,2642.71,Rs./Quintal,2025-03-01,3,2025
Telangana,Vegetables,Bottle gourd,March-2025,3486.1,Metric Tonnes,543.52,Rs./Quintal,2025-03-01,3,2025
Telangana,Vegetables,Brinjal,March-2025,4469.78,Metric Tonnes,1290.42,Rs./Quintal,2025-03-01,3,2025
Telangana,Vegetables,Cabbage,March-2025,5193.27,Metric Tonnes,606.94,Rs./Quintal,2025-03-01,3,2025
Telangana,Vegetables,Capsicum,March-2025,3122.2,Metric Tonnes,2431.25,Rs./Quintal,2025-03-01,3,2025
Telangana,Vegetables,Carrot,March-2025,9393.02,Metric Tonnes,1072.03,Rs./Quintal,2025-03-01,3,2025
Telangana,Vegetables,Cauliflower,March-2025,2462.81,Metric Tonnes,1274.78,Rs./Quintal,2025-03-01,3,2025
Telangana,Vegetables,Chow Chow,March-2025,26.1,Metric Tonnes,827.59,Rs./Quintal,2025-03-01,3,2025
Telangana,Vegetables,Cluster beans,March-2025,1795.96,Metric Tonnes,2755.0,Rs./Quintal,2025-03-01,3,2025
Telangana,Vegetables,Colacasia,March-2025,507.9,Metric Tonnes,3551.12,Rs./Quintal,2025-03-01,3,2025
Telangana,Vegetables,Cucumbar(Kheera),March-2025,2948.9,Metric Tonnes,1307.87,Rs./Quintal,2025-03-01,3,2025
Telangana,Vegetables,Drumstick,March-2025,2427.7,Metric Tonnes,2400.08,Rs./Quintal,2025-03-01,3,2025
Telangana,Vegetables,Field Pea,March-2025,1688.0,Metric Tonnes,3369.4,Rs./Quintal,2025-03-01,3,2025
Telangana,Vegetables,French Beans(Frasbean),March-2025,1837.1,Metric Tonnes,3200.01,Rs./Quintal,2025-03-01,3,2025
Telangana,Vegetables,Garlic,March-2025,105.8,Metric Tonnes,4000.0,Rs./Quintal,2025-03-01,3,2025
Telangana,Vegetables,Green Chilli,March-2025,7632.15,Metric Tonnes,2588.88,Rs./Quintal,2025-03-01,3,2025
Telangana,Vegetables,Groundnut pods(raw),March-2025,465.7,Metric Tonnes,3303.51,Rs./Quintal,2025-03-01,3,2025
Telangana,Vegetables,Knool Khol,March-2025,26.8,Metric Tonnes,821.64,Rs./Quintal,2025-03-01,3,2025
Telangana,Vegetables,Leafy Vegetable,March-2025,3573.42,Bundle,2000.94,Rs./Bundle,2025-03-01,3,2025
Telangana,Vegetables,Onion,March-2025,29064.05,Metric Tonnes,1709.35,Rs./Quintal,2025-03-01,3,2025
Telangana,Vegetables,Onion Green,March-2025,98.4,Metric Tonnes,2002.24,Rs./Quintal,2025-03-01,3,2025
Telangana,Vegetables,Potato,March-2025,15166.43,Metric Tonnes,1609.83,Rs./Quintal,2025-03-01,3,2025
Telangana,Vegetables,Pumpkin,March-2025,1060.1,Metric Tonnes,909.83,Rs./Quintal,2025-03-01,3,2025
Telangana,Vegetables,Raddish,March-2025,104.6,Metric Tonnes,400.17,Rs./Quintal,2025-03-01,3,2025
Telangana,Vegetables,Ridgeguard(Tori),March-2025,2894.1,Metric Tonnes,2012.42,Rs./Quintal,2025-03-01,3,2025
Telangana,Vegetables,Snakeguard,March-2025,89.9,Metric Tonnes,1395.22,Rs./Quintal,2025-03-01,3,2025
Telangana,Vegetables,Sweet Potato,March-2025,902.9,Metric Tonnes,1926.75,Rs./Quintal,2025-03-01,3,2025
Telangana,Vegetables,Tomato,March-2025,19647.6,Metric Tonnes,714.35,Rs./Quintal,2025-03-01,3,2025
Telangana,Vegetables,White Pumpkin,March-2025,315.4,Metric Tonnes,1022.38,Rs./Quintal,2025-03-01,3,2025
Telangana,Vegetables,Yam(Ratalu),March-2025,111.9,Metric Tonnes,5505.14,Rs./Quintal,2025-03-01,3,2025
Telangana,Vegetables,Banana - Green,April-2025,175.0,Metric Tonnes,1565.49,Rs./Quintal,2025-04-01,4,2025
Telangana,Vegetables,Beetroot,April-2025,2693.19,Metric Tonnes,1046.33,Rs./Quintal,2025-04-01,4,2025
Telangana,Vegetables,Bhindi(Ladies Finger),April-2025,3654.85,Metric Tonnes,1512.94,Rs./Quintal,2025-04-01,4,2025
Telangana,Vegetables,Bitter gourd,April-2025,2528.2,Metric Tonnes,2474.06,Rs./Quintal,2025-04-01,4,2025
Telangana,Vegetables,Bottle gourd,April-2025,3106.93,Metric Tonnes,515.93,Rs./Quintal,2025-04-01,4,2025
Telangana,Vegetables,Brinjal,April-2025,4541.27,Metric Tonnes,1211.58,Rs./Quintal,2025-04-01,4,2025
Telangana,Vegetables,Cabbage,April-2025,4812.97,Metric Tonnes,565.98,Rs./Quintal,2025-04-01,4,2025
Telangana,Vegetables,Capsicum,April-2025,2913.95,Metric Tonnes,2774.42,Rs./Quintal,2025-04-01,4,2025
Telangana,Vegetables,Carrot,April-2025,7412.32,Metric Tonnes,1199.12,Rs./Quintal,2025-04-01,4,2025
Telangana,Vegetables,Cauliflower,April-2025,1799.21,Metric Tonnes,1476.98,Rs./Quintal,2025-04-01,4,2025
Telangana,Vegetables,Chow Chow,April-2025,31.7,Metric Tonnes,1285.17,Rs./Quintal,2025-04-01,4,2025
Telangana,Vegetables,Cluster beans,April-2025,1454.99,Metric Tonnes,2625.73,Rs./Quintal,2025-04-01,4,2025
Telangana,Vegetables,Colacasia,April-2025,687.0,Metric Tonnes,2786.94,Rs./Quintal,2025-04-01,4,2025
Telangana,Vegetables,Cucumbar(Kheera),April-2025,2358.4,Metric Tonnes,1137.5,Rs./Quintal,2025-04-01,4,2025
Telangana,Vegetables,Drumstick,April-2025,2577.5,Metric Tonnes,1523.45,Rs./Quintal,2025-04-01,4,2025
Telangana,Vegetables,Field Pea,April-2025,931.8,Metric Tonnes,3765.33,Rs./Quintal,2025-04-01,4,2025
Telangana,Vegetables,French Beans(Frasbean),April-2025,1402.1,Metric Tonnes,4695.5,Rs./Quintal,2025-04-01,4,2025
Telangana,Vegetables,Garlic,April-2025,67.2,Metric Tonnes,4000.0,Rs./Quintal,2025-04-01,4,2025
Telangana,Vegetables,Green Chilli,April-2025,7801.92,Metric Tonnes,2529.3,Rs./Quintal,2025-04-01,4,2025
Telangana,Vegetables,Groundnut pods(raw),April-2025,511.5,Metric Tonnes,2831.93,Rs./Quintal,2025-04-01,4,2025
Telangana,Vegetables,Knool Khol,April-2025,3.5,Metric Tonnes,858.57,Rs./Quintal,2025-04-01,4,2025
Telangana,Vegetables,Leafy Vegetable,April-2025,3116.03,Bundle,2014.73,Rs./Bundle,2025-04-01,4,2025
Telangana,Vegetables,Onion,April-2025,32290.15,Metric Tonnes,1168.67,Rs./Quintal,2025-04-01,4,2025
Telangana,Vegetables,Onion Green,April-2025,45.4,Metric Tonnes,1879.74,Rs./Quintal,2025-04-01,4,2025
Telangana,Vegetables,Potato,April-2025,15775.34,Metric Tonnes,1834.34,Rs./Quintal,2025-04-01,4,2025
Telangana,Vegetables,Pumpkin,April-2025,1002.7,Metric Tonnes,864.29,Rs./Quintal,2025-04-01,4,2025
Telangana,Vegetables,Raddish,April-2025,67.3,Metric Tonnes,354.53,Rs./Quintal,2025-04-01,4,2025
Telangana,Vegetables,Ridgeguard(Tori),April-2025,2664.45,Metric Tonnes,1990.9,Rs./Quintal,2025-04-01,4,2025
Telangana,Vegetables,Snakeguard,April-2025,104.5,Metric Tonnes,1424.78,Rs./Quintal,2025-04-01,4,2025
Telangana,Vegetables,Sweet Potato,April-2025,1081.1,Metric Tonnes,1489.75,Rs./Quintal,2025-04-01,4,2025
Telangana,Vegetables,Tomato,April-2025,20486.69,Metric Tonnes,870.28,Rs./Quintal,2025-04-01,4,2025
Telangana,Vegetables,White Pumpkin,April-2025,445.6,Metric Tonnes,890.69,Rs./Quintal,2025-04-01,4,2025
Telangana,Vegetables,Yam(Ratalu),April-2025,98.2,Metric Tonnes,7567.52,Rs./Quintal,2025-04-01,4,2025
Telangana,Vegetables,Banana - Green,May-2025,172.2,Metric Tonnes,1523.4,Rs./Quintal,2025-05-01,5,2025
Telangana,Vegetables,Beetroot,May-2025,1996.88,Metric Tonnes,1368.79,Rs./Quintal,2025-05-01,5,2025
Telangana,Vegetables,Bhindi(Ladies Finger),May-2025,2881.85,Metric Tonnes,1685.79,Rs./Quintal,2025-05-01,5,2025
Telangana,Vegetables,Bitter gourd,May-2025,3119.25,Metric Tonnes,2648.48,Rs./Quintal,2025-05-01,5,2025
Telangana,Vegetables,Bottle gourd,May-2025,2654.91,Metric Tonnes,543.67,Rs./Quintal,2025-05-01,5,2025
Telangana,Vegetables,Brinjal,May-2025,3850.71,Metric Tonnes,1400.31,Rs./Quintal,2025-05-01,5,2025
Telangana,Vegetables,Cabbage,May-2025,4610.25,Metric Tonnes,735.35,Rs./Quintal,2025-05-01,5,2025
Telangana,Vegetables,Capsicum,May-2025,1720.5,Metric Tonnes,3115.59,Rs./Quintal,2025-05-01,5,2025
Telangana,Vegetables,Carrot,May-2025,6197.0,Metric Tonnes,1711.89,Rs./Quintal,2025-05-01,5,2025
Telangana,Vegetables,Cauliflower,May-2025,1440.25,Metric Tonnes,1892.0,Rs./Quintal,2025-05-01,5,2025
Telangana,Vegetables,Chow Chow,May-2025,35.9,Metric Tonnes,997.21,Rs./Quintal,2025-05-01,5,2025
Telangana,Vegetables,Cluster beans,May-2025,1472.83,Metric Tonnes,2783.77,Rs./Quintal,2025-05-01,5,2025
Telangana,Vegetables,Colacasia,May-2025,775.0,Metric Tonnes,2732.78,Rs./Quintal,2025-05-01,5,2025
Telangana,Vegetables,Cucumbar(Kheera),May-2025,1811.4,Metric Tonnes,1247.04,Rs./Quintal,2025-05-01,5,2025
Telangana,Vegetables,Drumstick,May-2025,1339.8,Metric Tonnes,2898.38,Rs./Quintal,2025-05-01,5,2025
Telangana,Vegetables,Field Pea,May-2025,568.1,Metric Tonnes,4112.12,Rs./Quintal,2025-05-01,5,2025
Telangana,Vegetables,French Beans(Frasbean),May-2025,679.9,Metric Tonnes,7778.69,Rs./Quintal,2025-05-01,5,2025
Telangana,Vegetables,Garlic,May-2025,103.0,Metric Tonnes,4233.01,Rs./Quintal,2025-05-01,5,2025
Telangana,Vegetables,Green Chilli,May-2025,9604.58,Metric Tonnes,2506.68,Rs./Quintal,2025-05-01,5,2025
Telangana,Vegetables,Groundnut pods(raw),May-2025,223.1,Metric Tonnes,3160.33,Rs./Quintal,2025-05-01,5,2025
Telangana,Vegetables,Leafy Vegetable,May-2025,3374.56,Bundle,2040.71,Rs./Bundle,2025-05-01,5,2025
Telangana,Vegetables,Onion,May-2025,29308.93,Metric Tonnes,1128.72,Rs./Quintal,2025-05-01,5,2025
Telangana,Vegetables,Onion Green,May-2025,26.7,Metric Tonnes,2486.89,Rs./Quintal,2025-05-01,5,2025
Telangana,Vegetables,Potato,May-2025,16058.18,Metric Tonnes,1807.8,Rs./Quintal,2025-05-01,5,2025
Telangana,Vegetables,Pumpkin,May-2025,953.0,Metric Tonnes,817.99,Rs./Quintal,2025-05-01,5,2025
Telangana,Vegetables,Raddish,May-2025,40.8,Metric Tonnes,487.38,Rs./Quintal,2025-05-01,5,2025
Telangana,Vegetables,Ridgeguard(Tori),May-2025,2672.75,Metric Tonnes,2121.96,Rs./Quintal,2025-05-01,5,2025
Telangana,Vegetables,Snakeguard,May-2025,97.4,Metric Tonnes,1717.76,Rs./Quintal,2025-05-01,5,2025
Telangana,Vegetables,Sweet Potato,May-2025,1003.2,Metric Tonnes,1284.5,Rs./Quintal,2025-05-01,5,2025
Telangana,Vegetables,Tomato,May-2025,25561.24,Metric Tonnes,927.92,Rs./Quintal,2025-05-01,5,2025
Telangana,Vegetables,White Pumpkin,May-2025,363.3,Metric Tonnes,834.05,Rs./Quintal,2025-05-01,5,2025
Telangana,Vegetables,Yam(Ratalu),May-2025,105.9,Metric Tonnes,6633.05,Rs./Quintal,2025-05-01,5,2025
Telangana,Vegetables,Banana - Green,June-2025,121.4,Metric Tonnes,1774.05,Rs./Quintal,2025-06-01,6,2025
Telangana,Vegetables,Beetroot,June-2025,521.2,Metric Tonnes,1756.07,Rs./Quintal,2025-06-01,6,2025
Telangana,Vegetables,Bhindi(Ladies Finger),June-2025,1464.94,Metric Tonnes,2355.51,Rs./Quintal,2025-06-01,6,2025
Telangana,Vegetables,Bitter gourd,June-2025,1252.8,Metric Tonnes,3030.39,Rs./Quintal,2025-06-01,6,2025
Telangana,Vegetables,Bottle gourd,June-2025,1249.73,Metric Tonnes,598.41,Rs./Quintal,2025-06-01,6,2025
Telangana,Vegetables,Brinjal,June-2025,1448.15,Metric Tonnes,1822.39,Rs./Quintal,2025-06-01,6,2025
Telangana,Vegetables,Cabbage,June-2025,2262.6,Metric Tonnes,1108.82,Rs./Quintal,2025-06-01,6,2025
Telangana,Vegetables,Capsicum,June-2025,433.8,Metric Tonnes,3848.01,Rs./Quintal,2025-06-01,6,2025
Telangana,Vegetables,Carrot,June-2025,1855.9,Metric Tonnes,2423.02,Rs./Quintal,2025-06-01,6,2025
Telangana,Vegetables,Cauliflower,June-2025,872.35,Metric Tonnes,2255.69,Rs./Quintal,2025-06-01,6,2025
Telangana,Vegetables,Chow Chow,June-2025,5.0,Metric Tonnes,1182.0,Rs./Quintal,2025-06-01,6,2025
Telangana,Vegetables,Cluster beans,June-2025,813.9,Metric Tonnes,2832.01,Rs./Quintal,2025-06-01,6,2025
Telangana,Vegetables,Colacasia,June-2025,161.0,Metric Tonnes,3054.94,Rs./Quintal,2025-06-01,6,2025
Telangana,Vegetables,Cucumbar(Kheera),June-2025,1070.6,Metric Tonnes,1270.3,Rs./Quintal,2025-06-01,6,2025
Telangana,Vegetables,Drumstick,June-2025,312.4,Metric Tonnes,3813.32,Rs./Quintal,2025-06-01,6,2025
Telangana,Vegetables,Field Pea,June-2025,692.9,Metric Tonnes,3566.19,Rs./Quintal,2025-06-01,6,2025
Telangana,Vegetables,French Beans(Frasbean),June-2025,409.3,Metric Tonnes,6507.21,Rs./Quintal,2025-06-01,6,2025
Telangana,Vegetables,Garlic,June-2025,182.8,Metric Tonnes,5625.82,Rs./Quintal,2025-06-01,6,2025
Telangana,Vegetables,Green Chilli,June-2025,4650.42,Metric Tonnes,2800.02,Rs./Quintal,2025-06-01,6,2025
Telangana,Vegetables,Groundnut pods(raw),June-2025,12.0,Metric Tonnes,3259.17,Rs./Quintal,2025-06-01,6,2025
Telangana,Vegetables,Knool Khol,June-2025,0.7,Metric Tonnes,1085.71,Rs./Quintal,2025-06-01,6,2025
Telangana,Vegetables,Leafy Vegetable,June-2025,3309.67,Bundle,2851.34,Rs./Bundle,2025-06-01,6,2025
Telangana,Vegetables,Onion,June-2025,25538.05,Metric Tonnes,1318.21,Rs./Quintal,2025-06-01,6,2025
Telangana,Vegetables,Onion Green,June-2025,16.5,Metric Tonnes,2879.39,Rs./Quintal,2025-06-01,6,2025
Telangana,Vegetables,Potato,June-2025,6524.34,Metric Tonnes,1719.08,Rs./Quintal,2025-06-01,6,2025
Telangana,Vegetables,Pumpkin,June-2025,331.2,Metric Tonnes,915.87,Rs./Quintal,2025-06-01,6,2025
Telangana,Vegetables,Raddish,June-2025,16.7,Metric Tonnes,1012.57,Rs./Quintal,2025-06-01,6,2025
Telangana,Vegetables,Ridgeguard(Tori),June-2025,1545.5,Metric Tonnes,2362.86,Rs./Quintal,2025-06-01,6,2025
Telangana,Vegetables,Snakeguard,June-2025,48.9,Metric Tonnes,2208.38,Rs./Quintal,2025-06-01,6,2025
Telangana,Vegetables,Sweet Potato,June-2025,194.3,Metric Tonnes,1511.84,Rs./Quintal,2025-06-01,6,2025
Telangana,Vegetables,Tomato,June-2025,17858.14,Metric Tonnes,1424.26,Rs./Quintal,2025-06-01,6,2025
Telangana,Vegetables,White Pumpkin,June-2025,30.0,Metric Tonnes,900.0,Rs./Quintal,2025-06-01,6,2025
Telangana,Vegetables,Yam(Ratalu),June-2025,41.7,Metric Tonnes,4578.3,Rs./Quintal,2025-06-01,6,2025
Telangana,Vegetables,Banana - Green,July-2025,697.2,Metric Tonnes,2220.67,Rs./Quintal,2025-07-01,7,2025
Telangana,Vegetables,Beetroot,July-2025,382.7,Metric Tonnes,2182.27,Rs./Quintal,2025-07-01,7,2025
Telangana,Vegetables,Bhindi(Ladies Finger),July-2025,1382.6,Metric Tonnes,2570.75,Rs./Quintal,2025-07-01,7,2025
Telangana,Vegetables,Bitter gourd,July-2025,1189.35,Metric Tonnes,2850.76,Rs./Quintal,2025-07-01,7,2025
Telangana,Vegetables,Bottle gourd,July-2025,1034.92,Metric Tonnes,689.98,Rs./Quintal,2025-07-01,7,2025
Telangana,Vegetables,Brinjal,July-2025,1452.1,Metric Tonnes,1797.71,Rs./Quintal,2025-07-01,7,2025
Telangana,Vegetables,Cabbage,July-2025,2007.9,Metric Tonnes,1302.61,Rs./Quintal,2025-07-01,7,2025
Telangana,Vegetables,Capsicum,July-2025,388.0,Metric Tonnes,3835.46,Rs./Quintal,2025-07-01,7,2025
Telangana,Vegetables,Carrot,July-2025,1279.1,Metric Tonnes,2768.53,Rs./Quintal,2025-07-01,7,2025
Telangana,Vegetables,Cauliflower,July-2025,1021.23,Metric Tonnes,1988.32,Rs./Quintal,2025-07-01,7,2025
Telangana,Vegetables,Chow Chow,July-2025,4.4,Metric Tonnes,1784.09,Rs./Quintal,2025-07-01,7,2025
Telangana,Vegetables,Cluster beans,July-2025,803.33,Metric Tonnes,3204.74,Rs./Quintal,2025-07-01,7,2025
Telangana,Vegetables,Colacasia,July-2025,125.0,Metric Tonnes,2809.36,Rs./Quintal,2025-07-01,7,2025
Telangana,Vegetables,Cucumbar(Kheera),July-2025,966.0,Metric Tonnes,1296.96,Rs./Quintal,2025-07-01,7,2025
Telangana,Vegetables,Drumstick,July-2025,401.5,Metric Tonnes,3058.01,Rs./Quintal,2025-07-01,7,2025
Telangana,Vegetables,Field Pea,July-2025,526.2,Metric Tonnes,4008.38,Rs./Quintal,2025-07-01,7,2025
Telangana,Vegetables,French Beans(Frasbean),July-2025,393.3,Metric Tonnes,5659.84,Rs./Quintal,2025-07-01,7,2025
Telangana,Vegetables,Garlic,July-2025,497.4,Metric Tonnes,3949.34,Rs./Quintal,2025-07-01,7,2025
Telangana,Vegetables,Green Chilli,July-2025,3381.5,Metric Tonnes,4534.29,Rs./Quintal,2025-07-01,7,2025
Telangana,Vegetables,Groundnut pods(raw),July-2025,3.8,Metric Tonnes,3019.74,Rs./Quintal,2025-07-01,7,2025
Telangana,Vegetables,Knool Khol,July-2025,0.9,Metric Tonnes,1288.89,Rs./Quintal,2025-07-01,7,2025
Telangana,Vegetables,Leafy Vegetable,July-2025,3302.46,Bundle,2947.12,Rs./Bundle,2025-07-01,7,2025
Telangana,Vegetables,Onion,July-2025,26549.2,Metric Tonnes,1261.54,Rs./Quintal,2025-07-01,7,2025
Telangana,Vegetables,Onion Green,July-2025,22.4,Metric Tonnes,2469.87,Rs./Quintal,2025-07-01,7,2025
Telangana,Vegetables,Potato,July-2025,5201.81,Metric Tonnes,1636.73,Rs./Quintal,2025-07-01,7,2025
Telangana,Vegetables,Pumpkin,July-2025,343.1,Metric Tonnes,1061.94,Rs./Quintal,2025-07-01,7,2025
Telangana,Vegetables,Raddish,July-2025,40.5,Metric Tonnes,1569.14,Rs./Quintal,2025-07-01,7,2025
Telangana,Vegetables,Ridgeguard(Tori),July-2025,1391.6,Metric Tonnes,2454.57,Rs./Quintal,2025-07-01,7,2025
Telangana,Vegetables,Snakeguard,July-2025,67.1,Metric Tonnes,1660.13,Rs./Quintal,2025-07-01,7,2025
Telangana,Vegetables,Sweet Potato,July-2025,67.1,Metric Tonnes,2245.9,Rs./Quintal,2025-07-01,7,2025
Telangana,Vegetables,Tomato,July-2025,15016.38,Metric Tonnes,1983.51,Rs./Quintal,2025-07-01,7,2025
Telangana,Vegetables,Yam(Ratalu),July-2025,37.5,Metric Tonnes,4522.4,Rs./Quintal,2025-07-01,7,2025
Telangana,Vegetables,Banana - Green,August-2025,165.7,Metric Tonnes,1930.54,Rs./Quintal,2025-08-01,8,2025
Telangana,Vegetables,Beetroot,August-2025,1594.0,Metric Tonnes,1756.73,Rs./Quintal,2025-08-01,8,2025
Telangana,Vegetables,Bhindi(Ladies Finger),August-2025,2757.55,Metric Tonnes,2307.62,Rs./Quintal,2025-08-01,8,2025
Telangana,Vegetables,Bitter gourd,August-2025,3139.2,Metric Tonnes,1942.19,Rs./Quintal,2025-08-01,8,2025
Telangana,Vegetables,Bottle gourd,August-2025,1625.6,Metric Tonnes,761.79,Rs./Quintal,2025-08-01,8,2025
Telangana,Vegetables,Brinjal,August-2025,2845.1,Metric Tonnes,1642.64,Rs./Quintal,2025-08-01,8,2025
Telangana,Vegetables,Cabbage,August-2025,4461.73,Metric Tonnes,924.58,Rs./Quintal,2025-08-01,8,2025
Telangana,Vegetables,Capsicum,August-2025,2615.0,Metric Tonnes,2915.48,Rs./Quintal,2025-08-01,8,2025
Telangana,Vegetables,Carrot,August-2025,9701.1,Metric Tonnes,2899.46,Rs./Quintal,2025-08-01,8,2025
Telangana,Vegetables,Cauliflower,August-2025,1645.75,Metric Tonnes,1681.03,Rs./Quintal,2025-08-01,8,2025
Telangana,Vegetables,Chow Chow,August-2025,18.1,Metric Tonnes,1585.08,Rs./Quintal,2025-08-01,8,2025
Telangana,Vegetables,Cluster beans,August-2025,4731.4,Metric Tonnes,2795.33,Rs./Quintal,2025-08-01,8,2025
Telangana,Vegetables,Colacasia,August-2025,518.4,Metric Tonnes,2034.13,Rs./Quintal,2025-08-01,8,2025
Telangana,Vegetables,Cucumbar(Kheera),August-2025,1533.2,Metric Tonnes,1168.66,Rs./Quintal,2025-08-01,8,2025
Telangana,Vegetables,Drumstick,August-2025,1784.2,Metric Tonnes,2158.64,Rs./Quintal,2025-08-01,8,2025
Telangana,Vegetables,Field Pea,August-2025,2254.4,Metric Tonnes,3423.37,Rs./Quintal,2025-08-01,8,2025
Telangana,Vegetables,French Beans(Frasbean),August-2025,1063.6,Metric Tonnes,4429.09,Rs./Quintal,2025-08-01,8,2025
Telangana,Vegetables,Garlic,August-2025,391.8,Metric Tonnes,3943.08,Rs./Quintal,2025-08-01,8,2025
Telangana,Vegetables,Green Chilli,August-2025,7072.63,Metric Tonnes,3204.46,Rs./Quintal,2025-08-01,8,2025
Telangana,Vegetables,Groundnut pods(raw),August-2025,118.5,Metric Tonnes,4199.41,Rs./Quintal,2025-08-01,8,2025
Telangana,Vegetables,Knool Khol,August-2025,1.9,Metric Tonnes,1115.79,Rs./Quintal,2025-08-01,8,2025
Telangana,Vegetables,Leafy Vegetable,August-2025,2660.72,Bundle,2935.52,Rs./Bundle,2025-08-01,8,2025
Telangana,Vegetables,Onion,August-2025,30703.6,Metric Tonnes,1278.26,Rs./Quintal,2025-08-01,8,2025
Telangana,Vegetables,Onion Green,August-2025,45.2,Metric Tonnes,2387.39,Rs./Quintal,2025-08-01,8,2025
Telangana,Vegetables,Potato,August-2025,15849.89,Metric Tonnes,1671.77,Rs./Quintal,2025-08-01,8,2025
Telangana,Vegetables,Pumpkin,August-2025,893.6,Metric Tonnes,972.33,Rs./Quintal,2025-08-01,8,2025
Telangana,Vegetables,Raddish,August-2025,43.3,Metric Tonnes,707.58,Rs./Quintal,2025-08-01,8,2025
Telangana,Vegetables,Ridgeguard(Tori),August-2025,2802.7,Metric Tonnes,2175.1,Rs./Quintal,2025-08-01,8,2025
Telangana,Vegetables,Snakeguard,August-2025,112.0,Metric Tonnes,1762.5,Rs./Quintal,2025-08-01,8,2025
Telangana,Vegetables,Sweet Potato,August-2025,302.8,Metric Tonnes,2806.54,Rs./Quintal,2025-08-01,8,2025
Telangana,Vegetables,Tomato,August-2025,21468.97,Metric Tonnes,2384.07,Rs./Quintal,2025-08-01,8,2025
Telangana,Vegetables,White Pumpkin,August-2025,125.7,Metric Tonnes,1017.58,Rs./Quintal,2025-08-01,8,2025
Telangana,Vegetables,Yam(Ratalu),August-2025,134.0,Metric Tonnes,3518.96,Rs./Quintal,2025-08-01,8,2025
Telangana,Vegetables,Banana - Green,September-2025,112.2,Metric Tonnes,1902.32,Rs./Quintal,2025-09-01,9,2025
Telangana,Vegetables,Beetroot,September-2025,2366.7,Metric Tonnes,2040.34,Rs./Quintal,2025-09-01,9,2025
Telangana,Vegetables,Bhindi(Ladies Finger),September-2025,3242.89,Metric Tonnes,1793.84,Rs./Quintal,2025-09-01,9,2025
Telangana,Vegetables,Bitter gourd,September-2025,3238.06,Metric Tonnes,2000.01,Rs./Quintal,2025-09-01,9,2025
Telangana,Vegetables,Bottle gourd,September-2025,2045.8,Metric Tonnes,846.4,Rs./Quintal,2025-09-01,9,2025
Telangana,Vegetables,Brinjal,September-2025,2641.0,Metric Tonnes,2036.3,Rs./Quintal,2025-09-01,9,2025
Telangana,Vegetables,Cabbage,September-2025,4978.62,Metric Tonnes,1119.73,Rs./Quintal,2025-09-01,9,2025
Telangana,Vegetables,Capsicum,September-2025,2443.8,Metric Tonnes,3384.12,Rs./Quintal,2025-09-01,9,2025
Telangana,Vegetables,Carrot,September-2025,10097.2,Metric Tonnes,2708.33,Rs./Quintal,2025-09-01,9,2025
Telangana,Vegetables,Cauliflower,September-2025,1914.38,Metric Tonnes,1742.23,Rs./Quintal,2025-09-01,9,2025
Telangana,Vegetables,Chow Chow,September-2025,64.8,Metric Tonnes,1298.92,Rs./Quintal,2025-09-01,9,2025
Telangana,Vegetables,Cluster beans,September-2025,1515.06,Metric Tonnes,2854.21,Rs./Quintal,2025-09-01,9,2025
Telangana,Vegetables,Colacasia,September-2025,884.2,Metric Tonnes,1819.23,Rs./Quintal,2025-09-01,9,2025
Telangana,Vegetables,Cucumbar(Kheera),September-2025,1508.6,Metric Tonnes,1182.24,Rs./Quintal,2025-09-01,9,2025
Telangana,Vegetables,Drumstick,September-2025,939.1,Metric Tonnes,5407.48,Rs./Quintal,2025-09-01,9,2025
Telangana,Vegetables,Field Pea,September-2025,2296.2,Metric Tonnes,3560.71,Rs./Quintal,2025-09-01,9,2025
Telangana,Vegetables,French Beans(Frasbean),September-2025,1536.6,Metric Tonnes,3478.26,Rs./Quintal,2025-09-01,9,2025
Telangana,Vegetables,Garlic,September-2025,415.3,Metric Tonnes,3980.86,Rs./Quintal,2025-09-01,9,2025
Telangana,Vegetables,Green Chilli,September-2025,7262.5,Metric Tonnes,2653.02,Rs./Quintal,2025-09-01,9,2025
Telangana,Vegetables,Groundnut pods(raw),September-2025,383.5,Metric Tonnes,3498.34,Rs./Quintal,2025-09-01,9,2025
Telangana,Vegetables,Knool Khol,September-2025,1.8,Metric Tonnes,1550.0,Rs./Quintal,2025-09-01,9,2025
Telangana,Vegetables,Leafy Vegetable,September-2025,1320.46,Bundle,2919.85,Rs./Bundle,2025-09-01,9,2025
Telangana,Vegetables,Onion,September-2025,27868.1,Metric Tonnes,1202.52,Rs./Quintal,2025-09-01,9,2025
Telangana,Vegetables,Onion Green,September-2025,57.4,Metric Tonnes,2409.06,Rs./Quintal,2025-09-01,9,2025
Telangana,Vegetables,Potato,September-2025,16751.49,Metric Tonnes,1667.25,Rs./Quintal,2025-09-01,9,2025
Telangana,Vegetables,Pumpkin,September-2025,3405.3,Metric Tonnes,1119.49,Rs./Quintal,2025-09-01,9,2025
Telangana,Vegetables,Raddish,September-2025,64.6,Metric Tonnes,719.83,Rs./Quintal,2025-09-01,9,2025
Telangana,Vegetables,Ridgeguard(Tori),September-2025,2745.4,Metric Tonnes,2070.77,Rs./Quintal,2025-09-01,9,2025
Telangana,Vegetables,Snakeguard,September-2025,190.1,Metric Tonnes,1459.81,Rs./Quintal,2025-09-01,9,2025
Telangana,Vegetables,Sweet Potato,September-2025,705.3,Metric Tonnes,2677.13,Rs./Quintal,2025-09-01,9,2025
Telangana,Vegetables,Tomato,September-2025,18217.36,Metric Tonnes,1379.78,Rs./Quintal,2025-09-01,9,2025
Telangana,Vegetables,White Pumpkin,September-2025,720.8,Metric Tonnes,1027.94,Rs./Quintal,2025-09-01,9,2025
Telangana,Vegetables,Yam(Ratalu),September-2025,179.6,Metric Tonnes,3367.82,Rs./Quintal,2025-09-01,9,2025
Telangana,Vegetables,Banana - Green,October-2025,477.5,Metric Tonnes,2102.39,Rs./Quintal,2025-10-01,10,2025
Telangana,Vegetables,Beetroot,October-2025,1593.86,Metric Tonnes,2757.84,Rs./Quintal,2025-10-01,10,2025
Telangana,Vegetables,Bhindi(Ladies Finger),October-2025,2872.43,Metric Tonnes,1887.01,Rs./Quintal,2025-10-01,10,2025
Telangana,Vegetables,Bitter gourd,October-2025,3035.3,Metric Tonnes,2391.87,Rs./Quintal,2025-10-01,10,2025
Telangana,Vegetables,Bottle gourd,October-2025,2697.2,Metric Tonnes,924.93,Rs./Quintal,2025-10-01,10,2025
Telangana,Vegetables,Brinjal,October-2025,2475.51,Metric Tonnes,2454.78,Rs./Quintal,2025-10-01,10,2025
Telangana,Vegetables,Cabbage,October-2025,4884.71,Metric Tonnes,1485.05,Rs./Quintal,2025-10-01,10,2025
Telangana,Vegetables,Capsicum,October-2025,2399.0,Metric Tonnes,3484.84,Rs./Quintal,2025-10-01,10,2025
Telangana,Vegetables,Carrot,October-2025,5875.0,Metric Tonnes,3235.23,Rs./Quintal,2025-10-01,10,2025
Telangana,Vegetables,Cauliflower,October-2025,1151.76,Metric Tonnes,1913.44,Rs./Quintal,2025-10-01,10,2025
Telangana,Vegetables,Chow Chow,October-2025,111.6,Metric Tonnes,846.33,Rs./Quintal,2025-10-01,10,2025
Telangana,Vegetables,Cluster beans,October-2025,887.21,Metric Tonnes,3720.71,Rs./Quintal,2025-10-01,10,2025
Telangana,Vegetables,Colacasia,October-2025,881.1,Metric Tonnes,1812.18,Rs./Quintal,2025-10-01,10,2025
Telangana,Vegetables,Cucumbar(Kheera),October-2025,1686.2,Metric Tonnes,1351.55,Rs./Quintal,2025-10-01,10,2025
Telangana,Vegetables,Drumstick,October-2025,1120.1,Metric Tonnes,5229.73,Rs./Quintal,2025-10-01,10,2025
Telangana,Vegetables,Field Pea,October-2025,1887.3,Metric Tonnes,4235.6,Rs./Quintal,2025-10-01,10,2025
Telangana,Vegetables,French Beans(Frasbean),October-2025,1729.0,Metric Tonnes,3925.28,Rs./Quintal,2025-10-01,10,2025
Telangana,Vegetables,Garlic,October-2025,345.7,Metric Tonnes,3945.18,Rs./Quintal,2025-10-01,10,2025
Telangana,Vegetables,Green Chilli,October-2025,6864.46,Metric Tonnes,2598.14,Rs./Quintal,2025-10-01,10,2025
Telangana,Vegetables,Groundnut pods(raw),October-2025,364.6,Metric Tonnes,3735.07,Rs./Quintal,2025-10-01,10,2025
Telangana,Vegetables,Knool Khol,October-2025,1.0,Metric Tonnes,1600.0,Rs./Quintal,2025-10-01,10,2025
Telangana,Vegetables,Leafy Vegetable,October-2025,2343.46,Bundle,2961.86,Rs./Bundle,2025-10-01,10,2025
Telangana,Vegetables,Onion,October-2025,30273.3,Metric Tonnes,1244.48,Rs./Quintal,2025-10-01,10,2025
Telangana,Vegetables,Onion Green,October-2025,288.9,Metric Tonnes,1635.29,Rs./Quintal,2025-10-01,10,2025
Telangana,Vegetables,Potato,October-2025,15972.75,Metric Tonnes,1703.28,Rs./Quintal,2025-10-01,10,2025
Telangana,Vegetables,Pumpkin,October-2025,2225.3,Metric Tonnes,1698.92,Rs./Quintal,2025-10-01,10,2025
Telangana,Vegetables,Raddish,October-2025,76.9,Metric Tonnes,874.98,Rs./Quintal,2025-10-01,10,2025
Telangana,Vegetables,Ridgeguard(Tori),October-2025,4011.1,Metric Tonnes,2077.12,Rs./Quintal,2025-10-01,10,2025
Telangana,Vegetables,Snakeguard,October-2025,155.6,Metric Tonnes,1467.03,Rs./Quintal,2025-10-01,10,2025
Telangana,Vegetables,Sweet Potato,October-2025,658.2,Metric Tonnes,2681.62,Rs./Quintal,2025-10-01,10,2025
Telangana,Vegetables,Tomato,October-2025,19446.5,Metric Tonnes,1428.4,Rs./Quintal,2025-10-01,10,2025
Telangana,Vegetables,White Pumpkin,October-2025,320.1,Metric Tonnes,1246.24,Rs./Quintal,2025-10-01,10,2025
Telangana,Vegetables,Yam(Ratalu),October-2025,241.4,Metric Tonnes,3427.15,Rs./Quintal,2025-10-01,10,2025
Telangana,Vegetables,Banana - Green,November-2025,1120.9,Metric Tonnes,1485.85,Rs./Quintal,2025-11-01,11,2025
Telangana,Vegetables,Beetroot,November-2025,3989.45,Metric Tonnes,2228.44,Rs./Quintal,2025-11-01,11,2025
Telangana,Vegetables,Bhindi(Ladies Finger),November-2025,2868.1,Metric Tonnes,2432.95,Rs./Quintal,2025-11-01,11,2025
Telangana,Vegetables,Bitter gourd,November-2025,4799.51,Metric Tonnes,2750.19,Rs./Quintal,2025-11-01,11,2025
Telangana,Vegetables,Bottle gourd,November-2025,3745.3,Metric Tonnes,975.95,Rs./Quintal,2025-11-01,11,2025
Telangana,Vegetables,Brinjal,November-2025,6248.36,Metric Tonnes,2417.38,Rs./Quintal,2025-11-01,11,2025
Telangana,Vegetables,Cabbage,November-2025,8333.86,Metric Tonnes,1327.07,Rs./Quintal,2025-11-01,11,2025
Telangana,Vegetables,Capsicum,November-2025,5406.1,Metric Tonnes,3733.61,Rs./Quintal,2025-11-01,11,2025
Telangana,Vegetables,Carrot,November-2025,12367.7,Metric Tonnes,3203.42,Rs./Quintal,2025-11-01,11,2025
Telangana,Vegetables,Cauliflower,November-2025,1928.74,Metric Tonnes,1618.24,Rs./Quintal,2025-11-01,11,2025
Telangana,Vegetables,Chow Chow,November-2025,107.2,Metric Tonnes,988.06,Rs./Quintal,2025-11-01,11,2025
Telangana,Vegetables,Cluster beans,November-2025,1856.86,Metric Tonnes,4070.57,Rs./Quintal,2025-11-01,11,2025
Telangana,Vegetables,Colacasia,November-2025,1086.7,Metric Tonnes,1667.39,Rs./Quintal,2025-11-01,11,2025
Telangana,Vegetables,Coriander(Leaves),November-2025,2.3,Bundle,550.0,Rs./Bundle,2025-11-01,11,2025
Telangana,Vegetables,Cucumbar(Kheera),November-2025,2266.15,Metric Tonnes,1653.28,Rs./Quintal,2025-11-01,11,2025
Telangana,Vegetables,Drumstick,November-2025,420.9,Metric Tonnes,6847.89,Rs./Quintal,2025-11-01,11,2025
Telangana,Vegetables,Field Bean(Anumulu),November-2025,0.8,Metric Tonnes,4025.0,Rs./Quintal,2025-11-01,11,2025
Telangana,Vegetables,Field Pea,November-2025,7723.9,Metric Tonnes,3640.59,Rs./Quintal,2025-11-01,11,2025
Telangana,Vegetables,French Beans(Frasbean),November-2025,3852.08,Metric Tonnes,3708.09,Rs./Quintal,2025-11-01,11,2025
Telangana,Vegetables,Garlic,November-2025,268.2,Metric Tonnes,4806.11,Rs./Quintal,2025-11-01,11,2025
Telangana,Vegetables,Green Chilli,November-2025,10243.25,Metric Tonnes,2815.52,Rs./Quintal,2025-11-01,11,2025
Telangana,Vegetables,Groundnut pods(raw),November-2025,509.9,Metric Tonnes,4699.19,Rs./Quintal,2025-11-01,11,2025
Telangana,Vegetables,Indian Beans(Seam),November-2025,1.37,Metric Tonnes,6000.0,Rs./Quintal,2025-11-01,11,2025
Telangana,Vegetables,Bhindi(Ladies Finger),November-2025,7.5,Metric Tonnes,3229.33,Rs./Quintal,2025-11-01,11,2025
Telangana,Vegetables,Leafy Vegetable,November-2025,499.03,Bundle,2934.45,Rs./Bundle,2025-11-01,11,2025
Telangana,Vegetables,Little gourd(Kundru),November-2025,0.2,Metric Tonnes,6250.0,Rs./Quintal,2025-11-01,11,2025
Telangana,Vegetables,Mango(Raw-Ripe),November-2025,143.7,Metric Tonnes,4451.81,Rs./Quintal,2025-11-01,11,2025
Telangana,Vegetables,Onion,November-2025,29107.5,Metric Tonnes,1423.93,Rs./Quintal,2025-11-01,11,2025
Telangana,Vegetables,Onion Green,November-2025,153.7,Metric Tonnes,3028.12,Rs./Quintal,2025-11-01,11,2025
Telangana,Vegetables,Pointed gourd(Parval),November-2025,294.5,Metric Tonnes,3808.02,Rs./Quintal,2025-11-01,11,2025
Telangana,Vegetables,Potato,November-2025,24267.78,Metric Tonnes,1769.92,Rs./Quintal,2025-11-01,11,2025
Telangana,Vegetables,Pumpkin,November-2025,1408.3,Metric Tonnes,2038.38,Rs./Quintal,2025-11-01,11,2025
Telangana,Vegetables,Raddish,November-2025,72.8,Metric Tonnes,1113.7,Rs./Quintal,2025-11-01,11,2025
Telangana,Vegetables,Ridgeguard(Tori),November-2025,5328.03,Metric Tonnes,1939.37,Rs./Quintal,2025-11-01,11,2025
Telangana,Vegetables,Snakeguard,November-2025,131.3,Metric Tonnes,1600.57,Rs./Quintal,2025-11-01,11,2025
Telangana,Vegetables,Sweet Potato,November-2025,2032.8,Metric Tonnes,2372.64,Rs./Quintal,2025-11-01,11,2025
Telangana,Vegetables,Thondekai,November-2025,2.98,Metric Tonnes,1664.43,Rs./Quintal,2025-11-01,11,2025
Telangana,Vegetables,Tomato,November-2025,22727.82,Metric Tonnes,2069.79,Rs./Quintal,2025-11-01,11,2025
Telangana,Vegetables,Turnip,November-2025,0.3,Metric Tonnes,5000.0,Rs./Quintal,2025-11-01,11,2025
Telangana,Vegetables,White Pumpkin,November-2025,109.0,Metric Tonnes,1149.79,Rs./Quintal,2025-11-01,11,2025
Telangana,Vegetables,Yam(Ratalu),November-2025,272.5,Metric Tonnes,3099.17,Rs./Quintal,2025-11-01,11,2025
Telangana,Vegetables,Banana - Green,December-2025,37.6,Metric Tonnes,2050.53,Rs./Quintal,2025-12-01,12,2025
Telangana,Vegetables,Beetroot,December-2025,3305.79,Metric Tonnes,1639.68,Rs./Quintal,2025-12-01,12,2025
Telangana,Vegetables,Bhindi(Ladies Finger),December-2025,2219.51,Metric Tonnes,2551.82,Rs./Quintal,2025-12-01,12,2025
Telangana,Vegetables,Bitter gourd,December-2025,2288.57,Metric Tonnes,2862.86,Rs./Quintal,2025-12-01,12,2025
Telangana,Vegetables,Bottle gourd,December-2025,2652.48,Metric Tonnes,716.62,Rs./Quintal,2025-12-01,12,2025
Telangana,Vegetables,Brinjal,December-2025,4104.43,Metric Tonnes,1741.62,Rs./Quintal,2025-12-01,12,2025
Telangana,Vegetables,Cabbage,December-2025,4899.71,Metric Tonnes,1221.3,Rs./Quintal,2025-12-01,12,2025
Telangana,Vegetables,Capsicum,December-2025,3669.38,Metric Tonnes,2976.28,Rs./Quintal,2025-12-01,12,2025
Telangana,Vegetables,Carrot,December-2025,8908.88,Metric Tonnes,2029.01,Rs./Quintal,2025-12-01,12,2025
Telangana,Vegetables,Cauliflower,December-2025,2303.59,Metric Tonnes,1355.78,Rs./Quintal,2025-12-01,12,2025
Telangana,Vegetables,Chow Chow,December-2025,60.3,Metric Tonnes,886.9,Rs./Quintal,2025-12-01,12,2025
Telangana,Vegetables,Cluster beans,December-2025,1137.71,Metric Tonnes,3003.63,Rs./Quintal,2025-12-01,12,2025
Telangana,Vegetables,Colacasia,December-2025,572.6,Metric Tonnes,1656.51,Rs./Quintal,2025-12-01,12,2025
Telangana,Vegetables,Cucumbar(Kheera),December-2025,882.0,Metric Tonnes,1496.22,Rs./Quintal,2025-12-01,12,2025
Telangana,Vegetables,Drumstick,December-2025,99.0,Metric Tonnes,17646.46,Rs./Quintal,2025-12-01,12,2025
Telangana,Vegetables,Field Bean(Anumulu),December-2025,1.0,Metric Tonnes,4030.0,Rs./Quintal,2025-12-01,12,2025
Telangana,Vegetables,Field Pea,December-2025,6815.7,Metric Tonnes,2605.91,Rs./Quintal,2025-12-01,12,2025
Telangana,Vegetables,French Beans(Frasbean),December-2025,2695.54,Metric Tonnes,2987.17,Rs./Quintal,2025-12-01,12,2025
Telangana,Vegetables,Garlic,December-2025,560.3,Metric Tonnes,4944.14,Rs./Quintal,2025-12-01,12,2025
Telangana,Vegetables,Ginger(Green),December-2025,415.0,Metric Tonnes,3449.46,Rs./Quintal,2025-12-01,12,2025
Telangana,Vegetables,Green Chilli,December-2025,6950.63,Metric Tonnes,2916.82,Rs./Quintal,2025-12-01,12,2025
Telangana,Vegetables,Groundnut pods(raw),December-2025,606.6,Metric Tonnes,4889.8,Rs./Quintal,2025-12-01,12,2025
Telangana,Vegetables,Knool Khol,December-2025,3.6,Metric Tonnes,1563.89,Rs./Quintal,2025-12-01,12,2025
Telangana,Vegetables,Bhindi(Ladies Finger),December-2025,6.2,Metric Tonnes,3037.1,Rs./Quintal,2025-12-01,12,2025
Telangana,Vegetables,Mango(Raw-Ripe),December-2025,74.1,Metric Tonnes,3701.08,Rs./Quintal,2025-12-01,12,2025
Telangana,Vegetables,Onion,December-2025,29777.24,Metric Tonnes,1570.19,Rs./Quintal,2025-12-01,12,2025
Telangana,Vegetables,Onion Green,December-2025,169.1,Metric Tonnes,2500.53,Rs./Quintal,2025-12-01,12,2025
Telangana,Vegetables,Pointed gourd(Parval),December-2025,126.1,Metric Tonnes,4021.89,Rs./Quintal,2025-12-01,12,2025
Telangana,Vegetables,Potato,December-2025,19624.45,Metric Tonnes,1543.4,Rs./Quintal,2025-12-01,12,2025
Telangana,Vegetables,Pumpkin,December-2025,839.8,Metric Tonnes,1385.81,Rs./Quintal,2025-12-01,12,2025
Telangana,Vegetables,Raddish,December-2025,137.0,Metric Tonnes,1043.8,Rs./Quintal,2025-12-01,12,2025
Telangana,Vegetables,Ridgeguard(Tori),December-2025,2086.59,Metric Tonnes,2306.38,Rs./Quintal,2025-12-01,12,2025
Telangana,Vegetables,Snakeguard,December-2025,117.2,Metric Tonnes,1279.22,Rs./Quintal,2025-12-01,12,2025
Telangana,Vegetables,Sweet Potato,December-2025,1750.7,Metric Tonnes,2113.31,Rs./Quintal,2025-12-01,12,2025
Telangana,Vegetables,Thondekai,December-2025,0.51,Metric Tonnes,1683.17,Rs./Quintal,2025-12-01,12,2025
Telangana,Vegetables,Tomato,December-2025,12304.42,Metric Tonnes,2149.21,Rs./Quintal,2025-12-01,12,2025
Telangana,Vegetables,Yam(Ratalu),December-2025,128.4,Metric Tonnes,2997.78,Rs./Quintal,2025-12-01,12,2025
Telangana,Vegetables,Banana - Green,January-2026,35.9,Metric Tonnes,1927.58,Rs./Quintal,2026-01-01,1,2026
Telangana,Vegetables,Beetroot,January-2026,2629.64,Metric Tonnes,974.07,Rs./Quintal,2026-01-01,1,2026
Telangana,Vegetables,Bhindi(Ladies Finger),January-2026,2889.5,Metric Tonnes,1594.23,Rs./Quintal,2026-01-01,1,2026
Telangana,Vegetables,Bitter gourd,January-2026,2188.11,Metric Tonnes,2747.31,Rs./Quintal,2026-01-01,1,2026
Telangana,Vegetables,Bottle gourd,January-2026,2403.9,Metric Tonnes,629.13,Rs./Quintal,2026-01-01,1,2026
Telangana,Vegetables,Brinjal,January-2026,3677.62,Metric Tonnes,1287.33,Rs./Quintal,2026-01-01,1,2026
Telangana,Vegetables,Cabbage,January-2026,7214.75,Metric Tonnes,879.67,Rs./Quintal,2026-01-01,1,2026
Telangana,Vegetables,Capsicum,January-2026,2850.9,Metric Tonnes,2691.5,Rs./Quintal,2026-01-01,1,2026
Telangana,Vegetables,Carrot,January-2026,8999.7,Metric Tonnes,1414.17,Rs./Quintal,2026-01-01,1,2026
Telangana,Vegetables,Cauliflower,January-2026,2419.46,Metric Tonnes,1085.52,Rs./Quintal,2026-01-01,1,2026
Telangana,Vegetables,Chow Chow,January-2026,104.2,Metric Tonnes,869.29,Rs./Quintal,2026-01-01,1,2026
Telangana,Vegetables,Cluster beans,January-2026,1911.92,Metric Tonnes,2335.84,Rs./Quintal,2026-01-01,1,2026
Telangana,Vegetables,Colacasia,January-2026,372.5,Metric Tonnes,1974.87,Rs./Quintal,2026-01-01,1,2026
Telangana,Vegetables,Cucumbar(Kheera),January-2026,914.2,Metric Tonnes,1548.51,Rs./Quintal,2026-01-01,1,2026
Telangana,Vegetables,Drumstick,January-2026,312.7,Metric Tonnes,8222.0,Rs./Quintal,2026-01-01,1,2026
Telangana,Vegetables,Field Bean(Anumulu),January-2026,1.6,Metric Tonnes,3781.25,Rs./Quintal,2026-01-01,1,2026
Telangana,Vegetables,Field Pea,January-2026,4760.4,Metric Tonnes,1413.19,Rs./Quintal,2026-01-01,1,2026
Telangana,Vegetables,French Beans(Frasbean),January-2026,1910.15,Metric Tonnes,2400.03,Rs./Quintal,2026-01-01,1,2026
Telangana,Vegetables,Garlic,January-2026,348.9,Metric Tonnes,7092.58,Rs./Quintal,2026-01-01,1,2026
Telangana,Vegetables,Ginger(Green),January-2026,876.3,Metric Tonnes,3244.35,Rs./Quintal,2026-01-01,1,2026
Telangana,Vegetables,Green Chilli,January-2026,8463.63,Metric Tonnes,2893.24,Rs./Quintal,2026-01-01,1,2026
Telangana,Vegetables,Groundnut pods(raw),January-2026,463.7,Metric Tonnes,4589.5,Rs./Quintal,2026-01-01,1,2026
Telangana,Vegetables,Knool Khol,January-2026,38.5,Metric Tonnes,903.12,Rs./Quintal,2026-01-01,1,2026
Telangana,Vegetables,Bhindi(Ladies Finger),January-2026,7.2,Metric Tonnes,3029.17,Rs./Quintal,2026-01-01,1,2026
Telangana,Vegetables,Mango(Raw-Ripe),January-2026,45.7,Metric Tonnes,4029.98,Rs./Quintal,2026-01-01,1,2026
Telangana,Vegetables,Onion,January-2026,37634.3,Metric Tonnes,1362.38,Rs./Quintal,2026-01-01,1,2026
Telangana,Vegetables,Onion Green,January-2026,142.4,Metric Tonnes,2153.37,Rs./Quintal,2026-01-01,1,2026
Telangana,Vegetables,Potato,January-2026,13749.55,Metric Tonnes,1056.44,Rs./Quintal,2026-01-01,1,2026
Telangana,Vegetables,Pumpkin,January-2026,1000.0,Metric Tonnes,1317.16,Rs./Quintal,2026-01-01,1,2026
Telangana,Vegetables,Raddish,January-2026,133.7,Metric Tonnes,974.12,Rs./Quintal,2026-01-01,1,2026
Telangana,Vegetables,Ridgeguard(Tori),January-2026,2235.39,Metric Tonnes,1961.25,Rs./Quintal,2026-01-01,1,2026
Telangana,Vegetables,Snakeguard,January-2026,50.2,Metric Tonnes,1059.76,Rs./Quintal,2026-01-01,1,2026
Telangana,Vegetables,Sweet Potato,January-2026,1713.3,Metric Tonnes,1782.05,Rs./Quintal,2026-01-01,1,2026
Telangana,Vegetables,Thondekai,January-2026,0.22,Metric Tonnes,2363.64,Rs./Quintal,2026-01-01,1,2026
Telangana,Vegetables,Tomato,January-2026,15332.23,Metric Tonnes,1311.43,Rs./Quintal,2026-01-01,1,2026
Telangana,Vegetables,Yam(Ratalu),January-2026,119.8,Metric Tonnes,3109.93,Rs./Quintal,2026-01-01,1,2026
Telangana,Vegetables,Banana - Green,February-2026,72.5,Metric Tonnes,2105.1,Rs./Quintal,2026-02-01,2,2026
Telangana,Vegetables,Beetroot,February-2026,2475.18,Metric Tonnes,1019.92,Rs./Quintal,2026-02-01,2,2026
Telangana,Vegetables,Bhindi(Ladies Finger),February-2026,3449.51,Metric Tonnes,1523.05,Rs./Quintal,2026-02-01,2,2026
Telangana,Vegetables,Bitter gourd,February-2026,2377.79,Metric Tonnes,2551.85,Rs./Quintal,2026-02-01,2,2026
Telangana,Vegetables,Bottle gourd,February-2026,2512.3,Metric Tonnes,607.68,Rs./Quintal,2026-02-01,2,2026
Telangana,Vegetables,Brinjal,February-2026,3268.91,Metric Tonnes,1319.1,Rs./Quintal,2026-02-01,2,2026
Telangana,Vegetables,Cabbage,February-2026,3699.15,Metric Tonnes,733.65,Rs./Quintal,2026-02-01,2,2026
Telangana,Vegetables,Capsicum,February-2026,2476.4,Metric Tonnes,2892.56,Rs./Quintal,2026-02-01,2,2026
Telangana,Vegetables,Carrot,February-2026,6677.16,Metric Tonnes,1174.37,Rs./Quintal,2026-02-01,2,2026
Telangana,Vegetables,Cauliflower,February-2026,1947.04,Metric Tonnes,1060.64,Rs./Quintal,2026-02-01,2,2026
Telangana,Vegetables,Chow Chow,February-2026,34.6,Metric Tonnes,870.23,Rs./Quintal,2026-02-01,2,2026
Telangana,Vegetables,Cluster beans,February-2026,1721.58,Metric Tonnes,2538.47,Rs./Quintal,2026-02-01,2,2026
Telangana,Vegetables,Colacasia,February-2026,341.2,Metric Tonnes,2026.58,Rs./Quintal,2026-02-01,2,2026
Telangana,Vegetables,Cucumbar(Kheera),February-2026,1291.2,Metric Tonnes,1233.6,Rs./Quintal,2026-02-01,2,2026
Telangana,Vegetables,Drumstick,February-2026,961.9,Metric Tonnes,5499.17,Rs./Quintal,2026-02-01,2,2026
Telangana,Vegetables,Field Bean(Anumulu),February-2026,7.5,Metric Tonnes,1545.33,Rs./Quintal,2026-02-01,2,2026
Telangana,Vegetables,Field Pea,February-2026,2383.3,Metric Tonnes,1959.8,Rs./Quintal,2026-02-01,2,2026
Telangana,Vegetables,French Beans(Frasbean),February-2026,1785.53,Metric Tonnes,2465.13,Rs./Quintal,2026-02-01,2,2026
Telangana,Vegetables,Garlic,February-2026,1183.3,Metric Tonnes,8037.66,Rs./Quintal,2026-02-01,2,2026
Telangana,Vegetables,Ginger(Green),February-2026,936.0,Metric Tonnes,3723.14,Rs./Quintal,2026-02-01,2,2026
Telangana,Vegetables,Green Chilli,February-2026,7285.83,Metric Tonnes,3127.81,Rs./Quintal,2026-02-01,2,2026
Telangana,Vegetables,Groundnut pods(raw),February-2026,418.3,Metric Tonnes,4264.76,Rs./Quintal,2026-02-01,2,2026
Telangana,Vegetables,Indian Beans(Seam),February-2026,8.44,Metric Tonnes,6000.0,Rs./Quintal,2026-02-01,2,2026
Telangana,Vegetables,Knool Khol,February-2026,38.6,Metric Tonnes,890.16,Rs./Quintal,2026-02-01,2,2026
Telangana,Vegetables,Bhindi(Ladies Finger),February-2026,5.0,Metric Tonnes,2950.0,Rs./Quintal,2026-02-01,2,2026
Telangana,Vegetables,Mango(Raw-Ripe),February-2026,101.3,Metric Tonnes,5416.09,Rs./Quintal,2026-02-01,2,2026
Telangana,Vegetables,Onion,February-2026,34356.6,Metric Tonnes,1225.3,Rs./Quintal,2026-02-01,2,2026
Telangana,Vegetables,Onion Green,February-2026,56.2,Metric Tonnes,1874.2,Rs./Quintal,2026-02-01,2,2026
Telangana,Vegetables,Pointed gourd(Parval),February-2026,0.1,Metric Tonnes,7500.0,Rs./Quintal,2026-02-01,2,2026
Telangana,Vegetables,Potato,February-2026,14461.42,Metric Tonnes,954.49,Rs./Quintal,2026-02-01,2,2026
Telangana,Vegetables,Pumpkin,February-2026,808.9,Metric Tonnes,1109.48,Rs./Quintal,2026-02-01,2,2026
Telangana,Vegetables,Raddish,February-2026,59.5,Metric Tonnes,894.54,Rs./Quintal,2026-02-01,2,2026
Telangana,Vegetables,Ridgeguard(Tori),February-2026,1918.48,Metric Tonnes,1931.92,Rs./Quintal,2026-02-01,2,2026
Telangana,Vegetables,Snakeguard,February-2026,35.5,Metric Tonnes,1121.41,Rs./Quintal,2026-02-01,2,2026
Telangana,Vegetables,Sweet Potato,February-2026,2384.4,Metric Tonnes,1751.2,Rs./Quintal,2026-02-01,2,2026
Telangana,Vegetables,Thondekai,February-2026,0.1,Metric Tonnes,2604.17,Rs./Quintal,2026-02-01,2,2026
Telangana,Vegetables,Tomato,February-2026,12625.92,Metric Tonnes,662.31,Rs./Quintal,2026-02-01,2,2026
Telangana,Vegetables,Yam(Ratalu),February-2026,101.1,Metric Tonnes,2868.05,Rs./Quintal,2026-02-01,2,2026
Telangana,Vegetables,Banana - Green,March-2026,99.6,Metric Tonnes,1468.07,Rs./Quintal,2026-03-01,3,2026
Telangana,Vegetables,Beetroot,March-2026,2302.83,Metric Tonnes,1025.16,Rs./Quintal,2026-03-01,3,2026
Telangana,Vegetables,Bhindi(Ladies Finger),March-2026,3151.36,Metric Tonnes,1614.97,Rs./Quintal,2026-03-01,3,2026
Telangana,Vegetables,Bitter gourd,March-2026,2727.1,Metric Tonnes,1680.88,Rs./Quintal,2026-03-01,3,2026
Telangana,Vegetables,Bottle gourd,March-2026,2411.31,Metric Tonnes,434.55,Rs./Quintal,2026-03-01,3,2026
Telangana,Vegetables,Brinjal,March-2026,3813.58,Metric Tonnes,1055.29,Rs./Quintal,2026-03-01,3,2026
Telangana,Vegetables,Cabbage,March-2026,3353.97,Metric Tonnes,597.05,Rs./Quintal,2026-03-01,3,2026
Telangana,Vegetables,Capsicum,March-2026,2138.6,Metric Tonnes,2617.99,Rs./Quintal,2026-03-01,3,2026
Telangana,Vegetables,Carrot,March-2026,6447.24,Metric Tonnes,1099.74,Rs./Quintal,2026-03-01,3,2026
Telangana,Vegetables,Cauliflower,March-2026,1645.78,Metric Tonnes,982.8,Rs./Quintal,2026-03-01,3,2026
Telangana,Vegetables,Chow Chow,March-2026,25.0,Metric Tonnes,831.2,Rs./Quintal,2026-03-01,3,2026
Telangana,Vegetables,Cluster beans,March-2026,1830.86,Metric Tonnes,2627.59,Rs./Quintal,2026-03-01,3,2026
Telangana,Vegetables,Colacasia,March-2026,253.3,Metric Tonnes,2308.15,Rs./Quintal,2026-03-01,3,2026
Telangana,Vegetables,Cucumbar(Kheera),March-2026,1525.6,Metric Tonnes,878.37,Rs./Quintal,2026-03-01,3,2026
Telangana,Vegetables,Drumstick,March-2026,1902.9,Metric Tonnes,3258.84,Rs./Quintal,2026-03-01,3,2026
Telangana,Vegetables,Field Bean(Anumulu),March-2026,2.8,Metric Tonnes,1553.57,Rs./Quintal,2026-03-01,3,2026
Telangana,Vegetables,Field Pea,March-2026,1383.1,Metric Tonnes,2668.69,Rs./Quintal,2026-03-01,3,2026
Telangana,Vegetables,French Beans(Frasbean),March-2026,1505.36,Metric Tonnes,3013.23,Rs./Quintal,2026-03-01,3,2026
Telangana,Vegetables,Garlic,March-2026,674.9,Metric Tonnes,6500.0,Rs./Quintal,2026-03-01,3,2026
Telangana,Vegetables,Ginger(Green),March-2026,1058.2,Metric Tonnes,4281.85,Rs./Quintal,2026-03-01,3,2026
Telangana,Vegetables,Green Chilli,March-2026,6682.12,Metric Tonnes,2704.16,Rs./Quintal,2026-03-01,3,2026
Telangana,Vegetables,Groundnut pods(raw),March-2026,428.1,Metric Tonnes,3588.04,Rs./Quintal,2026-03-01,3,2026
Telangana,Vegetables,Indian Beans(Seam),March-2026,15.27,Metric Tonnes,6000.0,Rs./Quintal,2026-03-01,3,2026
Telangana,Vegetables,Knool Khol,March-2026,24.1,Metric Tonnes,862.24,Rs./Quintal,2026-03-01,3,2026
Telangana,Vegetables,Bhindi(Ladies Finger),March-2026,4.1,Metric Tonnes,2378.05,Rs./Quintal,2026-03-01,3,2026
Telangana,Vegetables,Mango(Raw-Ripe),March-2026,538.9,Metric Tonnes,2917.78,Rs./Quintal,2026-03-01,3,2026
Telangana,Vegetables,Onion,March-2026,29307.93,Metric Tonnes,1006.15,Rs./Quintal,2026-03-01,3,2026
Telangana,Vegetables,Onion Green,March-2026,44.4,Metric Tonnes,2042.12,Rs./Quintal,2026-03-01,3,2026
Telangana,Vegetables,Pointed gourd(Parval),March-2026,15.7,Metric Tonnes,4394.9,Rs./Quintal,2026-03-01,3,2026
Telangana,Vegetables,Potato,March-2026,17129.93,Metric Tonnes,1009.2,Rs./Quintal,2026-03-01,3,2026
Telangana,Vegetables,Pumpkin,March-2026,736.1,Metric Tonnes,880.44,Rs./Quintal,2026-03-01,3,2026
Telangana,Vegetables,Raddish,March-2026,47.8,Metric Tonnes,726.8,Rs./Quintal,2026-03-01,3,2026
Telangana,Vegetables,Ridgeguard(Tori),March-2026,2185.66,Metric Tonnes,1801.45,Rs./Quintal,2026-03-01,3,2026
Telangana,Vegetables,Snakeguard,March-2026,27.7,Metric Tonnes,1154.15,Rs./Quintal,2026-03-01,3,2026
Telangana,Vegetables,Sweet Potato,March-2026,1165.9,Metric Tonnes,1249.3,Rs./Quintal,2026-03-01,3,2026
Telangana,Vegetables,Thondekai,March-2026,0.08,Metric Tonnes,1903.61,Rs./Quintal,2026-03-01,3,2026
Telangana,Vegetables,Tomato,March-2026,12256.86,Metric Tonnes,643.18,Rs./Quintal,2026-03-01,3,2026
Telangana,Vegetables,Yam(Ratalu),March-2026,310.2,Metric Tonnes,2629.58,Rs./Quintal,2026-03-01,3,2026
Telangana,Vegetables,Banana - Green,April-2026,1011.4,Metric Tonnes,515.48,Rs./Quintal,2026-04-01,4,2026
Telangana,Vegetables,Beetroot,April-2026,2270.3,Metric Tonnes,1443.94,Rs./Quintal,2026-04-01,4,2026
Telangana,Vegetables,Bhindi(Ladies Finger),April-2026,4026.35,Metric Tonnes,1531.64,Rs./Quintal,2026-04-01,4,2026
Telangana,Vegetables,Bitter gourd,April-2026,2569.52,Metric Tonnes,1930.62,Rs./Quintal,2026-04-01,4,2026
Telangana,Vegetables,Bottle gourd,April-2026,2803.67,Metric Tonnes,522.86,Rs./Quintal,2026-04-01,4,2026
Telangana,Vegetables,Brinjal,April-2026,4101.49,Metric Tonnes,1110.74,Rs./Quintal,2026-04-01,4,2026
Telangana,Vegetables,Cabbage,April-2026,4391.14,Metric Tonnes,647.29,Rs./Quintal,2026-04-01,4,2026
Telangana,Vegetables,Capsicum,April-2026,2689.1,Metric Tonnes,2451.16,Rs./Quintal,2026-04-01,4,2026
Telangana,Vegetables,Carrot,April-2026,8555.72,Metric Tonnes,1564.9,Rs./Quintal,2026-04-01,4,2026
Telangana,Vegetables,Cauliflower,April-2026,1753.67,Metric Tonnes,1237.6,Rs./Quintal,2026-04-01,4,2026
Telangana,Vegetables,Chow Chow,April-2026,15.9,Metric Tonnes,1666.67,Rs./Quintal,2026-04-01,4,2026
Telangana,Vegetables,Cluster beans,April-2026,1541.89,Metric Tonnes,2074.27,Rs./Quintal,2026-04-01,4,2026
Telangana,Vegetables,Colacasia,April-2026,560.9,Metric Tonnes,1970.55,Rs./Quintal,2026-04-01,4,2026
Telangana,Vegetables,Cucumbar(Kheera),April-2026,2353.8,Metric Tonnes,883.21,Rs./Quintal,2026-04-01,4,2026
Telangana,Vegetables,Drumstick,April-2026,2748.4,Metric Tonnes,2325.65,Rs./Quintal,2026-04-01,4,2026
Telangana,Vegetables,Field Pea,April-2026,1381.9,Metric Tonnes,3129.08,Rs./Quintal,2026-04-01,4,2026
Telangana,Vegetables,French Beans(Frasbean),April-2026,1652.15,Metric Tonnes,4097.06,Rs./Quintal,2026-04-01,4,2026
Telangana,Vegetables,Garlic,April-2026,640.7,Metric Tonnes,6732.75,Rs./Quintal,2026-04-01,4,2026
Telangana,Vegetables,Ginger(Green),April-2026,969.0,Metric Tonnes,4026.97,Rs./Quintal,2026-04-01,4,2026
Telangana,Vegetables,Green Chilli,April-2026,9174.79,Metric Tonnes,2171.91,Rs./Quintal,2026-04-01,4,2026
Telangana,Vegetables,Groundnut pods(raw),April-2026,556.2,Metric Tonnes,3040.41,Rs./Quintal,2026-04-01,4,2026
Telangana,Vegetables,Indian Beans(Seam),April-2026,17.69,Metric Tonnes,6000.0,Rs./Quintal,2026-04-01,4,2026
Telangana,Vegetables,Knool Khol,April-2026,4.0,Metric Tonnes,892.5,Rs./Quintal,2026-04-01,4,2026
Telangana,Vegetables,Leafy Vegetable,April-2026,38.89,Bundle,4995.89,Rs./Bundle,2026-04-01,4,2026
Telangana,Vegetables,Mango(Raw-Ripe),April-2026,1211.1,Metric Tonnes,2049.67,Rs./Quintal,2026-04-01,4,2026
Telangana,Vegetables,Onion,April-2026,32573.41,Metric Tonnes,716.97,Rs./Quintal,2026-04-01,4,2026
Telangana,Vegetables,Onion Green,April-2026,47.0,Metric Tonnes,2672.13,Rs./Quintal,2026-04-01,4,2026
Telangana,Vegetables,Pointed gourd(Parval),April-2026,160.9,Metric Tonnes,2689.25,Rs./Quintal,2026-04-01,4,2026
Telangana,Vegetables,Potato,April-2026,16787.41,Metric Tonnes,1091.5,Rs./Quintal,2026-04-01,4,2026
Telangana,Vegetables,Pumpkin,April-2026,1234.9,Metric Tonnes,848.48,Rs./Quintal,2026-04-01,4,2026
Telangana,Vegetables,Raddish,April-2026,41.8,Metric Tonnes,677.25,Rs./Quintal,2026-04-01,4,2026
Telangana,Vegetables,Ridgeguard(Tori),April-2026,2992.54,Metric Tonnes,1876.73,Rs./Quintal,2026-04-01,4,2026
Telangana,Vegetables,Snakeguard,April-2026,38.4,Metric Tonnes,1291.8,Rs./Quintal,2026-04-01,4,2026
Telangana,Vegetables,Sweet Potato,April-2026,1410.3,Metric Tonnes,1118.8,Rs./Quintal,2026-04-01,4,2026
Telangana,Vegetables,Thondekai,April-2026,0.96,Metric Tonnes,2890.05,Rs./Quintal,2026-04-01,4,2026
Telangana,Vegetables,Tinda,April-2026,58.4,Metric Tonnes,1838.18,Rs./Quintal,2026-04-01,4,2026
Telangana,Vegetables,Tomato,April-2026,15420.12,Metric Tonnes,1216.84,Rs./Quintal,2026-04-01,4,2026
Telangana,Vegetables,Turmeric(raw),April-2026,59.5,Metric Tonnes,12768.07,Rs./Quintal,2026-04-01,4,2026
Telangana,Vegetables,Yam(Ratalu),April-2026,135.2,Metric Tonnes,2329.51,Rs./Quintal,2026-04-01,4,2026
Telangana,Vegetables,Banana - Green,May-2026,935.7,Metric Tonnes,574.35,Rs./Quintal,2026-05-01,5,2026
Telangana,Vegetables,Beetroot,May-2026,4023.64,Metric Tonnes,1815.47,Rs./Quintal,2026-05-01,5,2026
Telangana,Vegetables,Bhindi(Ladies Finger),May-2026,3800.52,Metric Tonnes,1741.17,Rs./Quintal,2026-05-01,5,2026
Telangana,Vegetables,Bitter gourd,May-2026,2193.31,Metric Tonnes,2252.27,Rs./Quintal,2026-05-01,5,2026
Telangana,Vegetables,Bottle gourd,May-2026,2378.43,Metric Tonnes,679.92,Rs./Quintal,2026-05-01,5,2026
Telangana,Vegetables,Brinjal,May-2026,3729.57,Metric Tonnes,1520.76,Rs./Quintal,2026-05-01,5,2026
Telangana,Vegetables,Cabbage,May-2026,4938.66,Metric Tonnes,878.79,Rs./Quintal,2026-05-01,5,2026
Telangana,Vegetables,Capsicum,May-2026,2531.59,Metric Tonnes,2426.61,Rs./Quintal,2026-05-01,5,2026
Telangana,Vegetables,Carrot,May-2026,12554.98,Metric Tonnes,2538.11,Rs./Quintal,2026-05-01,5,2026
Telangana,Vegetables,Cauliflower,May-2026,1468.05,Metric Tonnes,1558.36,Rs./Quintal,2026-05-01,5,2026
Telangana,Vegetables,Chow Chow,May-2026,0.9,Metric Tonnes,2611.11,Rs./Quintal,2026-05-01,5,2026
Telangana,Vegetables,Cluster beans,May-2026,1352.8,Metric Tonnes,2466.23,Rs./Quintal,2026-05-01,5,2026
Telangana,Vegetables,Colacasia,May-2026,658.38,Metric Tonnes,2099.48,Rs./Quintal,2026-05-01,5,2026
Telangana,Vegetables,Coriander(Leaves),May-2026,540.11,Bundle,9001.68,Rs./Bundle,2026-05-01,5,2026
Telangana,Vegetables,Cucumbar(Kheera),May-2026,2274.83,Metric Tonnes,1097.08,Rs./Quintal,2026-05-01,5,2026
Telangana,Vegetables,Drumstick,May-2026,2215.53,Metric Tonnes,2297.63,Rs./Quintal,2026-05-01,5,2026
Telangana,Vegetables,Field Bean(Anumulu),May-2026,0.22,Metric Tonnes,4361.63,Rs./Quintal,2026-05-01,5,2026
Telangana,Vegetables,Field Pea,May-2026,629.7,Metric Tonnes,4095.89,Rs./Quintal,2026-05-01,5,2026
Telangana,Vegetables,French Beans(Frasbean),May-2026,705.58,Metric Tonnes,7519.87,Rs./Quintal,2026-05-01,5,2026
Telangana,Vegetables,Garlic,May-2026,579.6,Metric Tonnes,7059.45,Rs./Quintal,2026-05-01,5,2026
Telangana,Vegetables,Ginger(Green),May-2026,887.7,Metric Tonnes,7396.55,Rs./Quintal,2026-05-01,5,2026
Telangana,Vegetables,Green Chilli,May-2026,11997.96,Metric Tonnes,2639.76,Rs./Quintal,2026-05-01,5,2026
Telangana,Vegetables,Groundnut pods(raw),May-2026,207.2,Metric Tonnes,3874.76,Rs./Quintal,2026-05-01,5,2026
Telangana,Vegetables,Indian Beans(Seam),May-2026,2.42,Metric Tonnes,6000.0,Rs./Quintal,2026-05-01,5,2026
Telangana,Vegetables,Knool Khol,May-2026,1.8,Metric Tonnes,1005.56,Rs./Quintal,2026-05-01,5,2026
Telangana,Vegetables,Leafy Vegetable,May-2026,281.46,Bundle,5028.96,Rs./Bundle,2026-05-01,5,2026
Telangana,Vegetables,Lemon,May-2026,218.6,Metric Tonnes,4212.81,Rs./Quintal,2026-05-01,5,2026
Telangana,Vegetables,Little gourd(Kundru),May-2026,2.96,Metric Tonnes,3583.78,Rs./Quintal,2026-05-01,5,2026
Telangana,Vegetables,Mango(Raw-Ripe),May-2026,1575.4,Metric Tonnes,2863.72,Rs./Quintal,2026-05-01,5,2026
Telangana,Vegetables,Onion,May-2026,30716.6,Metric Tonnes,777.46,Rs./Quintal,2026-05-01,5,2026
Telangana,Vegetables,Onion Green,May-2026,37.8,Metric Tonnes,3807.14,Rs./Quintal,2026-05-01,5,2026
Telangana,Vegetables,Pointed gourd(Parval),May-2026,298.0,Metric Tonnes,2043.59,Rs./Quintal,2026-05-01,5,2026
Telangana,Vegetables,Potato,May-2026,17647.92,Metric Tonnes,1169.09,Rs./Quintal,2026-05-01,5,2026
Telangana,Vegetables,Pumpkin,May-2026,1324.8,Metric Tonnes,742.4,Rs./Quintal,2026-05-01,5,2026
Telangana,Vegetables,Purslane,May-2026,0.04,Metric Tonnes,2500.0,Rs./Quintal,2026-05-01,5,2026
Telangana,Vegetables,Raddish,May-2026,43.0,Metric Tonnes,932.37,Rs./Quintal,2026-05-01,5,2026
Telangana,Vegetables,Ridgeguard(Tori),May-2026,2954.14,Metric Tonnes,2008.85,Rs./Quintal,2026-05-01,5,2026
Telangana,Vegetables,Snakeguard,May-2026,38.7,Metric Tonnes,1550.9,Rs./Quintal,2026-05-01,5,2026
Telangana,Vegetables,Spinach,May-2026,0.13,Metric Tonnes,1780.0,Rs./Quintal,2026-05-01,5,2026
Telangana,Vegetables,Sweet Potato,May-2026,1165.9,Metric Tonnes,1214.25,Rs./Quintal,2026-05-01,5,2026
Telangana,Vegetables,Thondekai,May-2026,2.46,Metric Tonnes,2614.88,Rs./Quintal,2026-05-01,5,2026
Telangana,Vegetables,Tinda,May-2026,119.3,Metric Tonnes,2000.0,Rs./Quintal,2026-05-01,5,2026
Telangana,Vegetables,Tomato,May-2026,16703.98,Metric Tonnes,2088.41,Rs./Quintal,2026-05-01,5,2026
Telangana,Vegetables,Turmeric(raw),May-2026,41.7,Metric Tonnes,12482.01,Rs./Quintal,2026-05-01,5,2026
Telangana,Vegetables,Yam(Ratalu),May-2026,153.6,Metric Tonnes,2401.27,Rs./Quintal,2026-05-01,5,2026
Telangana,Vegetables,Amaranthus,June-2026,0.21,Metric Tonnes,2957.14,Rs./Quintal,2026-06-01,6,2026
Telangana,Vegetables,Banana - Green,June-2026,597.1,Metric Tonnes,679.18,Rs./Quintal,2026-06-01,6,2026
Telangana,Vegetables,Beetroot,June-2026,3303.46,Metric Tonnes,1758.78,Rs./Quintal,2026-06-01,6,2026
Telangana,Vegetables,Bhindi(Ladies Finger),June-2026,3552.38,Metric Tonnes,2037.48,Rs./Quintal,2026-06-01,6,2026
Telangana,Vegetables,Bitter gourd,June-2026,3267.35,Metric Tonnes,2543.86,Rs./Quintal,2026-06-01,6,2026
Telangana,Vegetables,Bottle gourd,June-2026,2773.74,Metric Tonnes,720.46,Rs./Quintal,2026-06-01,6,2026
Telangana,Vegetables,Brinjal,June-2026,3954.43,Metric Tonnes,1648.56,Rs./Quintal,2026-06-01,6,2026
Telangana,Vegetables,Cabbage,June-2026,6746.26,Metric Tonnes,1376.91,Rs./Quintal,2026-06-01,6,2026
Telangana,Vegetables,Capsicum,June-2026,2212.79,Metric Tonnes,4474.82,Rs./Quintal,2026-06-01,6,2026
Telangana,Vegetables,Carrot,June-2026,19115.15,Metric Tonnes,2698.68,Rs./Quintal,2026-06-01,6,2026
Telangana,Vegetables,Cauliflower,June-2026,1337.05,Metric Tonnes,1563.54,Rs./Quintal,2026-06-01,6,2026
Telangana,Vegetables,Chow Chow,June-2026,5.0,Metric Tonnes,2400.0,Rs./Quintal,2026-06-01,6,2026
Telangana,Vegetables,Cluster beans,June-2026,2152.0,Metric Tonnes,2257.09,Rs./Quintal,2026-06-01,6,2026
Telangana,Vegetables,Colacasia,June-2026,763.02,Metric Tonnes,2050.05,Rs./Quintal,2026-06-01,6,2026
Telangana,Vegetables,Coriander(Leaves),June-2026,2.43,Bundle,12205.76,Rs./Bundle,2026-06-01,6,2026
Telangana,Vegetables,Cucumbar(Kheera),June-2026,2114.77,Metric Tonnes,1168.02,Rs./Quintal,2026-06-01,6,2026
Telangana,Vegetables,Drumstick,June-2026,1552.8,Metric Tonnes,3214.05,Rs./Quintal,2026-06-01,6,2026
Telangana,Vegetables,Elephant Yam(Suran)/Amorphophallus,June-2026,0.35,Metric Tonnes,4414.29,Rs./Quintal,2026-06-01,6,2026
Telangana,Vegetables,Field Bean(Anumulu),June-2026,0.1,Metric Tonnes,3608.0,Rs./Quintal,2026-06-01,6,2026
Telangana,Vegetables,Field Pea,June-2026,523.0,Metric Tonnes,4039.28,Rs./Quintal,2026-06-01,6,2026
Telangana,Vegetables,French Beans(Frasbean),June-2026,763.42,Metric Tonnes,6120.06,Rs./Quintal,2026-06-01,6,2026
Telangana,Vegetables,Garlic,June-2026,577.3,Metric Tonnes,7686.56,Rs./Quintal,2026-06-01,6,2026
Telangana,Vegetables,Ginger(Green),June-2026,941.2,Metric Tonnes,7415.91,Rs./Quintal,2026-06-01,6,2026
Telangana,Vegetables,Green Chilli,June-2026,10269.53,Metric Tonnes,2584.81,Rs./Quintal,2026-06-01,6,2026
Telangana,Vegetables,Groundnut pods(raw),June-2026,439.5,Metric Tonnes,4069.26,Rs./Quintal,2026-06-01,6,2026
Telangana,Vegetables,Indian Beans(Seam),June-2026,2.06,Metric Tonnes,8000.0,Rs./Quintal,2026-06-01,6,2026
Telangana,Vegetables,Knool Khol,June-2026,1.3,Metric Tonnes,1100.0,Rs./Quintal,2026-06-01,6,2026
Telangana,Vegetables,Leafy Vegetable,June-2026,39.75,Bundle,4980.13,Rs./Bundle,2026-06-01,6,2026
Telangana,Vegetables,Lemon,June-2026,116.7,Metric Tonnes,1751.93,Rs./Quintal,2026-06-01,6,2026
Telangana,Vegetables,Little gourd(Kundru),June-2026,15.26,Metric Tonnes,3896.07,Rs./Quintal,2026-06-01,6,2026
Telangana,Vegetables,Mango(Raw-Ripe),June-2026,755.5,Metric Tonnes,2633.49,Rs./Quintal,2026-06-01,6,2026
Telangana,Vegetables,Onion,June-2026,28061.3,Metric Tonnes,1209.82,Rs./Quintal,2026-06-01,6,2026
Telangana,Vegetables,Onion Green,June-2026,31.5,Metric Tonnes,5152.38,Rs./Quintal,2026-06-01,6,2026
Telangana,Vegetables,Pointed gourd(Parval),June-2026,427.8,Metric Tonnes,1782.75,Rs./Quintal,2026-06-01,6,2026
Telangana,Vegetables,Potato,June-2026,18968.16,Metric Tonnes,1209.2,Rs./Quintal,2026-06-01,6,2026
Telangana,Vegetables,Pumpkin,June-2026,1247.5,Metric Tonnes,885.15,Rs./Quintal,2026-06-01,6,2026
Telangana,Vegetables,Purslane,June-2026,0.1,Metric Tonnes,2678.57,Rs./Quintal,2026-06-01,6,2026
Telangana,Vegetables,Raddish,June-2026,147.3,Metric Tonnes,1162.74,Rs./Quintal,2026-06-01,6,2026
Telangana,Vegetables,Ridgeguard(Tori),June-2026,3647.31,Metric Tonnes,1948.98,Rs./Quintal,2026-06-01,6,2026
Telangana,Vegetables,Snakeguard,June-2026,34.5,Metric Tonnes,1508.99,Rs./Quintal,2026-06-01,6,2026
Telangana,Vegetables,Spinach,June-2026,1.04,Metric Tonnes,1526.57,Rs./Quintal,2026-06-01,6,2026
Telangana,Vegetables,Sweet Potato,June-2026,956.3,Metric Tonnes,1434.99,Rs./Quintal,2026-06-01,6,2026
Telangana,Vegetables,Thondekai,June-2026,111.49,Metric Tonnes,2373.32,Rs./Quintal,2026-06-01,6,2026
Telangana,Vegetables,Tomato,June-2026,20849.6,Metric Tonnes,2111.34,Rs./Quintal,2026-06-01,6,2026
Telangana,Vegetables,Turmeric(raw),June-2026,48.6,Metric Tonnes,13220.16,Rs./Quintal,2026-06-01,6,2026
Telangana,Vegetables,Yam(Ratalu),June-2026,140.9,Metric Tonnes,2421.93,Rs./Quintal,2026-06-01,6,2026
Telangana,Vegetables,Banana - Green,July-2026,679.3,Metric Tonnes,920.25,Rs./Quintal,2026-07-01,7,2026
Telangana,Vegetables,Beetroot,July-2026,4947.12,Metric Tonnes,2215.44,Rs./Quintal,2026-07-01,7,2026
Telangana,Vegetables,Bhindi(Ladies Finger),July-2026,4663.22,Metric Tonnes,1874.82,Rs./Quintal,2026-07-01,7,2026
Telangana,Vegetables,Bitter gourd,July-2026,4936.15,Metric Tonnes,2234.45,Rs./Quintal,2026-07-01,7,2026
Telangana,Vegetables,Bottle gourd,July-2026,4690.43,Metric Tonnes,580.83,Rs./Quintal,2026-07-01,7,2026
Telangana,Vegetables,Brinjal,July-2026,5296.2,Metric Tonnes,1656.72,Rs./Quintal,2026-07-01,7,2026
Telangana,Vegetables,Cabbage,July-2026,7589.71,Metric Tonnes,1351.09,Rs./Quintal,2026-07-01,7,2026
Telangana,Vegetables,Capsicum,July-2026,3828.68,Metric Tonnes,4046.78,Rs./Quintal,2026-07-01,7,2026
Telangana,Vegetables,Carrot,July-2026,23709.82,Metric Tonnes,2750.92,Rs./Quintal,2026-07-01,7,2026
Telangana,Vegetables,Cauliflower,July-2026,3724.88,Metric Tonnes,2130.26,Rs./Quintal,2026-07-01,7,2026
Telangana,Vegetables,Chow Chow,July-2026,9.9,Metric Tonnes,2125.25,Rs./Quintal,2026-07-01,7,2026
Telangana,Vegetables,Cluster beans,July-2026,2392.0,Metric Tonnes,2151.88,Rs./Quintal,2026-07-01,7,2026
Telangana,Vegetables,Colacasia,July-2026,1135.97,Metric Tonnes,2441.6,Rs./Quintal,2026-07-01,7,2026
Telangana,Vegetables,Coriander(Leaves),July-2026,0.03,Bundle,6500.0,Rs./Bundle,2026-07-01,7,2026
Telangana,Vegetables,Cucumbar(Kheera),July-2026,2391.6,Metric Tonnes,1104.45,Rs./Quintal,2026-07-01,7,2026
Telangana,Vegetables,Drumstick,July-2026,2558.65,Metric Tonnes,3191.35,Rs./Quintal,2026-07-01,7,2026
Telangana,Vegetables,Elephant Yam(Suran)/Amorphophallus,July-2026,5.2,Metric Tonnes,4192.31,Rs./Quintal,2026-07-01,7,2026
Telangana,Vegetables,Field Bean(Anumulu),July-2026,19.5,Metric Tonnes,4860.62,Rs./Quintal,2026-07-01,7,2026
Telangana,Vegetables,Field Pea,July-2026,2592.7,Metric Tonnes,3867.77,Rs./Quintal,2026-07-01,7,2026
Telangana,Vegetables,French Beans(Frasbean),July-2026,1040.0,Metric Tonnes,5501.48,Rs./Quintal,2026-07-01,7,2026
Telangana,Vegetables,Garlic,July-2026,800.1,Metric Tonnes,10506.81,Rs./Quintal,2026-07-01,7,2026
Telangana,Vegetables,Ginger(Green),July-2026,927.4,Metric Tonnes,8459.41,Rs./Quintal,2026-07-01,7,2026
Telangana,Vegetables,Green Chilli,July-2026,11149.49,Metric Tonnes,2402.69,Rs./Quintal,2026-07-01,7,2026
Telangana,Vegetables,Groundnut pods(raw),July-2026,248.7,Metric Tonnes,4810.33,Rs./Quintal,2026-07-01,7,2026
Telangana,Vegetables,Indian Beans(Seam),July-2026,17.79,Metric Tonnes,6758.85,Rs./Quintal,2026-07-01,7,2026
Telangana,Vegetables,Knool Khol,July-2026,0.7,Metric Tonnes,1642.86,Rs./Quintal,2026-07-01,7,2026
Telangana,Vegetables,Bhindi(Ladies Finger),July-2026,104.9,Metric Tonnes,3900.86,Rs./Quintal,2026-07-01,7,2026
Telangana,Vegetables,Leafy Vegetable,July-2026,363.05,Bundle,3323.4,Rs./Bundle,2026-07-01,7,2026
Telangana,Vegetables,Little gourd(Kundru),July-2026,67.74,Metric Tonnes,3557.9,Rs./Quintal,2026-07-01,7,2026
Telangana,Vegetables,Mango(Raw-Ripe),July-2026,308.5,Metric Tonnes,3280.26,Rs./Quintal,2026-07-01,7,2026
Telangana,Vegetables,Onion,July-2026,30605.14,Metric Tonnes,1796.3,Rs./Quintal,2026-07-01,7,2026
Telangana,Vegetables,Onion Green,July-2026,91.3,Metric Tonnes,3532.8,Rs./Quintal,2026-07-01,7,2026
Telangana,Vegetables,Other green and fresh vegetables,July-2026,352.3,Metric Tonnes,1970.93,Rs./Quintal,2026-07-01,7,2026
Telangana,Vegetables,Pointed gourd(Parval),July-2026,221.5,Metric Tonnes,2373.45,Rs./Quintal,2026-07-01,7,2026
Telangana,Vegetables,Potato,July-2026,21687.68,Metric Tonnes,1251.68,Rs./Quintal,2026-07-01,7,2026
Telangana,Vegetables,Pumpkin,July-2026,1490.0,Metric Tonnes,1445.12,Rs./Quintal,2026-07-01,7,2026
Telangana,Vegetables,Raddish,July-2026,77.0,Metric Tonnes,849.61,Rs./Quintal,2026-07-01,7,2026
Telangana,Vegetables,Ridgeguard(Tori),July-2026,5518.84,Metric Tonnes,1826.0,Rs./Quintal,2026-07-01,7,2026
Telangana,Vegetables,Snakeguard,July-2026,243.8,Metric Tonnes,1840.57,Rs./Quintal,2026-07-01,7,2026
Telangana,Vegetables,Spinach,July-2026,0.6,Metric Tonnes,1090.0,Rs./Quintal,2026-07-01,7,2026
Telangana,Vegetables,Sweet Potato,July-2026,995.6,Metric Tonnes,2004.32,Rs./Quintal,2026-07-01,7,2026
Telangana,Vegetables,Thondekai,July-2026,139.27,Metric Tonnes,1555.72,Rs./Quintal,2026-07-01,7,2026
Telangana,Vegetables,Tinda,July-2026,33.3,Metric Tonnes,2072.51,Rs./Quintal,2026-07-01,7,2026
Telangana,Vegetables,Tomato,July-2026,27007.22,Metric Tonnes,1177.77,Rs./Quintal,2026-07-01,7,2026
Telangana,Vegetables,Turmeric(raw),July-2026,11.7,Metric Tonnes,13000.0,Rs./Quintal,2026-07-01,7,2026
Telangana,Vegetables,Wild Cucumber,July-2026,58.7,Metric Tonnes,1306.33,Rs./Quintal,2026-07-01,7,2026
Telangana,Vegetables,Yam(Ratalu),July-2026,278.6,Metric Tonnes,3076.97,Rs./Quintal,2026-07-01,7,2026
Telangana,Vegetables,Banana - Green,August-2026,1337.0,Metric Tonnes,1022.7,Rs./Quintal,2026-08-01,8,2026
Telangana,Vegetables,Beetroot,August-2026,4439.39,Metric Tonnes,2293.63,Rs./Quintal,2026-08-01,8,2026
Telangana,Vegetables,Bhindi(Ladies Finger),August-2026,5020.23,Metric Tonnes,1686.93,Rs./Quintal,2026-08-01,8,2026
Telangana,Vegetables,Bitter gourd,August-2026,4029.96,Metric Tonnes,2201.1,Rs./Quintal,2026-08-01,8,2026
Telangana,Vegetables,Bottle gourd,August-2026,5110.45,Metric Tonnes,483.34,Rs./Quintal,2026-08-01,8,2026
Telangana,Vegetables,Brinjal,August-2026,5419.0,Metric Tonnes,1836.69,Rs./Quintal,2026-08-01,8,2026
Telangana,Vegetables,Cabbage,August-2026,7362.23,Metric Tonnes,1066.28,Rs./Quintal,2026-08-01,8,2026
Telangana,Vegetables,Capsicum,August-2026,5148.97,Metric Tonnes,2326.6,Rs./Quintal,2026-08-01,8,2026
Telangana,Vegetables,Carrot,August-2026,21055.1,Metric Tonnes,2761.09,Rs./Quintal,2026-08-01,8,2026
Telangana,Vegetables,Cauliflower,August-2026,1701.88,Metric Tonnes,1725.62,Rs./Quintal,2026-08-01,8,2026
Telangana,Vegetables,Chow Chow,August-2026,71.2,Metric Tonnes,1712.22,Rs./Quintal,2026-08-01,8,2026
Telangana,Vegetables,Cluster beans,August-2026,3074.07,Metric Tonnes,2191.78,Rs./Quintal,2026-08-01,8,2026
Telangana,Vegetables,Colacasia,August-2026,1124.1,Metric Tonnes,2413.93,Rs./Quintal,2026-08-01,8,2026
Telangana,Vegetables,Cucumbar(Kheera),August-2026,2614.86,Metric Tonnes,1183.53,Rs./Quintal,2026-08-01,8,2026
Telangana,Vegetables,Drumstick,August-2026,2688.06,Metric Tonnes,2743.5,Rs./Quintal,2026-08-01,8,2026
Telangana,Vegetables,Elephant Yam(Suran)/Amorphophallus,August-2026,26.4,Metric Tonnes,3543.94,Rs./Quintal,2026-08-01,8,2026
Telangana,Vegetables,Field Bean(Anumulu),August-2026,147.3,Metric Tonnes,4541.28,Rs./Quintal,2026-08-01,8,2026
Telangana,Vegetables,Field Pea,August-2026,5050.1,Metric Tonnes,3261.04,Rs./Quintal,2026-08-01,8,2026
Telangana,Vegetables,French Beans(Frasbean),August-2026,1637.08,Metric Tonnes,5405.17,Rs./Quintal,2026-08-01,8,2026
Telangana,Vegetables,Garlic,August-2026,496.6,Metric Tonnes,11000.0,Rs./Quintal,2026-08-01,8,2026
Telangana,Vegetables,Ginger(Green),August-2026,569.9,Metric Tonnes,6827.13,Rs./Quintal,2026-08-01,8,2026
Telangana,Vegetables,Green Chilli,August-2026,12551.84,Metric Tonnes,3044.24,Rs./Quintal,2026-08-01,8,2026
Telangana,Vegetables,Groundnut pods(raw),August-2026,235.6,Metric Tonnes,4416.94,Rs./Quintal,2026-08-01,8,2026
Telangana,Vegetables,Indian Beans(Seam),August-2026,25.5,Metric Tonnes,5936.08,Rs./Quintal,2026-08-01,8,2026
Telangana,Vegetables,Knool Khol,August-2026,3.9,Metric Tonnes,1369.23,Rs./Quintal,2026-08-01,8,2026
Telangana,Vegetables,Bhindi(Ladies Finger),August-2026,380.1,Metric Tonnes,3664.54,Rs./Quintal,2026-08-01,8,2026
Telangana,Vegetables,Leafy Vegetable,August-2026,1678.82,Bundle,2615.23,Rs./Bundle,2026-08-01,8,2026
Telangana,Vegetables,Little gourd(Kundru),August-2026,395.85,Metric Tonnes,2973.04,Rs./Quintal,2026-08-01,8,2026
Telangana,Vegetables,Mango(Raw-Ripe),August-2026,268.8,Metric Tonnes,2846.76,Rs./Quintal,2026-08-01,8,2026
Telangana,Vegetables,Onion,August-2026,27595.69,Metric Tonnes,2577.87,Rs./Quintal,2026-08-01,8,2026
Telangana,Vegetables,Onion Green,August-2026,52.3,Metric Tonnes,2849.14,Rs./Quintal,2026-08-01,8,2026
Telangana,Vegetables,Other green and fresh vegetables,August-2026,2036.7,Metric Tonnes,1878.64,Rs./Quintal,2026-08-01,8,2026
Telangana,Vegetables,Pointed gourd(Parval),August-2026,146.0,Metric Tonnes,3087.4,Rs./Quintal,2026-08-01,8,2026
Telangana,Vegetables,Potato,August-2026,21051.75,Metric Tonnes,1239.93,Rs./Quintal,2026-08-01,8,2026
Telangana,Vegetables,Pumpkin,August-2026,1961.7,Metric Tonnes,1147.23,Rs./Quintal,2026-08-01,8,2026
Telangana,Vegetables,Raddish,August-2026,102.4,Metric Tonnes,979.98,Rs./Quintal,2026-08-01,8,2026
Telangana,Vegetables,Ridgeguard(Tori),August-2026,5145.51,Metric Tonnes,1729.33,Rs./Quintal,2026-08-01,8,2026
Telangana,Vegetables,Snakeguard,August-2026,287.6,Metric Tonnes,2097.46,Rs./Quintal,2026-08-01,8,2026
Telangana,Vegetables,Spinach,August-2026,0.14,Metric Tonnes,1000.0,Rs./Quintal,2026-08-01,8,2026
Telangana,Vegetables,Sweet Potato,August-2026,1056.0,Metric Tonnes,2435.54,Rs./Quintal,2026-08-01,8,2026
Telangana,Vegetables,Thondekai,August-2026,113.04,Metric Tonnes,2185.47,Rs./Quintal,2026-08-01,8,2026
Telangana,Vegetables,Tinda,August-2026,171.3,Metric Tonnes,1270.59,Rs./Quintal,2026-08-01,8,2026
Telangana,Vegetables,Tomato,August-2026,23255.02,Metric Tonnes,1058.8,Rs./Quintal,2026-08-01,8,2026
Telangana,Vegetables,Turmeric(raw),August-2026,11.7,Metric Tonnes,13042.74,Rs./Quintal,2026-08-01,8,2026
Telangana,Vegetables,Wild Cucumber,August-2026,367.3,Metric Tonnes,1195.12,Rs./Quintal,2026-08-01,8,2026
Telangana,Vegetables,Yam(Ratalu),August-2026,309.4,Metric Tonnes,2889.53,Rs./Quintal,2026-08-01,8,2026
Telangana,Vegetables,Banana - Green,September-2026,125.5,Metric Tonnes,1016.69,Rs./Quintal,2026-09-01,9,2026
Telangana,Vegetables,Beetroot,September-2026,419.39,Metric Tonnes,2222.61,Rs./Quintal,2026-09-01,9,2026
Telangana,Vegetables,Bhindi(Ladies Finger),September-2026,458.37,Metric Tonnes,1867.95,Rs./Quintal,2026-09-01,9,2026
Telangana,Vegetables,Bitter gourd,September-2026,362.81,Metric Tonnes,1969.74,Rs./Quintal,2026-09-01,9,2026
Telangana,Vegetables,Bottle gourd,September-2026,544.78,Metric Tonnes,421.88,Rs./Quintal,2026-09-01,9,2026
Telangana,Vegetables,Brinjal,September-2026,730.0,Metric Tonnes,1782.81,Rs./Quintal,2026-09-01,9,2026
Telangana,Vegetables,Cabbage,September-2026,802.36,Metric Tonnes,997.15,Rs./Quintal,2026-09-01,9,2026
Telangana,Vegetables,Capsicum,September-2026,562.02,Metric Tonnes,2229.76,Rs./Quintal,2026-09-01,9,2026
Telangana,Vegetables,Carrot,September-2026,2317.3,Metric Tonnes,3027.02,Rs./Quintal,2026-09-01,9,2026
Telangana,Vegetables,Cauliflower,September-2026,207.54,Metric Tonnes,1850.98,Rs./Quintal,2026-09-01,9,2026
Telangana,Vegetables,Chow Chow,September-2026,3.3,Metric Tonnes,2336.36,Rs./Quintal,2026-09-01,9,2026
Telangana,Vegetables,Cluster beans,September-2026,255.0,Metric Tonnes,2211.31,Rs./Quintal,2026-09-01,9,2026
Telangana,Vegetables,Colacasia,September-2026,100.8,Metric Tonnes,2223.11,Rs./Quintal,2026-09-01,9,2026
Telangana,Vegetables,Cucumbar(Kheera),September-2026,287.9,Metric Tonnes,1190.92,Rs./Quintal,2026-09-01,9,2026
Telangana,Vegetables,Drumstick,September-2026,220.54,Metric Tonnes,3214.68,Rs./Quintal,2026-09-01,9,2026
Telangana,Vegetables,Elephant Yam(Suran)/Amorphophallus,September-2026,3.9,Metric Tonnes,3589.74,Rs./Quintal,2026-09-01,9,2026
Telangana,Vegetables,Field Bean(Anumulu),September-2026,12.1,Metric Tonnes,3474.38,Rs./Quintal,2026-09-01,9,2026
Telangana,Vegetables,Field Pea,September-2026,678.0,Metric Tonnes,2547.22,Rs./Quintal,2026-09-01,9,2026
Telangana,Vegetables,French Beans(Frasbean),September-2026,266.3,Metric Tonnes,4111.9,Rs./Quintal,2026-09-01,9,2026
Telangana,Vegetables,Garlic,September-2026,45.3,Metric Tonnes,11000.0,Rs./Quintal,2026-09-01,9,2026
Telangana,Vegetables,Ginger(Green),September-2026,85.6,Metric Tonnes,6798.01,Rs./Quintal,2026-09-01,9,2026
Telangana,Vegetables,Green Chilli,September-2026,1340.02,Metric Tonnes,2280.61,Rs./Quintal,2026-09-01,9,2026
Telangana,Vegetables,Groundnut pods(raw),September-2026,43.8,Metric Tonnes,3732.88,Rs./Quintal,2026-09-01,9,2026
Telangana,Vegetables,Indian Beans(Seam),September-2026,4.68,Metric Tonnes,6504.27,Rs./Quintal,2026-09-01,9,2026
Telangana,Vegetables,Knool Khol,September-2026,1.2,Metric Tonnes,1000.0,Rs./Quintal,2026-09-01,9,2026
Telangana,Vegetables,Bhindi(Ladies Finger),September-2026,23.7,Metric Tonnes,3313.92,Rs./Quintal,2026-09-01,9,2026
Telangana,Vegetables,Leafy Vegetable,September-2026,156.61,Bundle,2426.47,Rs./Bundle,2026-09-01,9,2026
Telangana,Vegetables,Little gourd(Kundru),September-2026,41.65,Metric Tonnes,2832.65,Rs./Quintal,2026-09-01,9,2026
Telangana,Vegetables,Mango(Raw-Ripe),September-2026,23.9,Metric Tonnes,2082.85,Rs./Quintal,2026-09-01,9,2026
Telangana,Vegetables,Onion,September-2026,3056.68,Metric Tonnes,3571.57,Rs./Quintal,2026-09-01,9,2026
Telangana,Vegetables,Onion Green,September-2026,3.9,Metric Tonnes,2705.13,Rs./Quintal,2026-09-01,9,2026
Telangana,Vegetables,Other green and fresh vegetables,September-2026,188.5,Metric Tonnes,1841.59,Rs./Quintal,2026-09-01,9,2026
Telangana,Vegetables,Pointed gourd(Parval),September-2026,28.1,Metric Tonnes,2400.0,Rs./Quintal,2026-09-01,9,2026
Telangana,Vegetables,Potato,September-2026,2451.99,Metric Tonnes,1309.71,Rs./Quintal,2026-09-01,9,2026
Telangana,Vegetables,Pumpkin,September-2026,201.7,Metric Tonnes,1107.14,Rs./Quintal,2026-09-01,9,2026
Telangana,Vegetables,Raddish,September-2026,13.5,Metric Tonnes,1035.93,Rs./Quintal,2026-09-01,9,2026
Telangana,Vegetables,Ridgeguard(Tori),September-2026,553.85,Metric Tonnes,1401.04,Rs./Quintal,2026-09-01,9,2026
Telangana,Vegetables,Snakeguard,September-2026,19.9,Metric Tonnes,2340.2,Rs./Quintal,2026-09-01,9,2026
Telangana,Vegetables,Sweet Potato,September-2026,127.4,Metric Tonnes,2492.7,Rs./Quintal,2026-09-01,9,2026
Telangana,Vegetables,Thondekai,September-2026,11.6,Metric Tonnes,2590.34,Rs./Quintal,2026-09-01,9,2026
Telangana,Vegetables,Tinda,September-2026,24.6,Metric Tonnes,636.49,Rs./Quintal,2026-09-01,9,2026
Telangana,Vegetables,Tomato,September-2026,2876.13,Metric Tonnes,1202.46,Rs./Quintal,2026-09-01,9,2026
Telangana,Vegetables,Turmeric(raw),September-2026,2.0,Metric Tonnes,13000.0,Rs./Quintal,2026-09-01,9,2026
Telangana,Vegetables,Wild Cucumber,September-2026,32.3,Metric Tonnes,1115.02,Rs./Quintal,2026-09-01,9,2026
Telangana,Vegetables,Yam(Ratalu),September-2026,327.2,Metric Tonnes,2998.41,Rs./Quintal,2026-09-01,9,2026
